"sample","group","m_edu_hs_or_above","above_poverty","black","N","ITT","ITT_se","ITT_p","LATE","LATE_se","LATE_p"
"EHS All","",NA,NA,NA,1267,0.0728218240002761,0.0567524477385793,0.199675044976949,0.0920320204996028,0.0716780677000506,0.199389852783042
"EHS All","",NA,NA,1,471,0.175760687312145,0.0815889022931161,0.0317313806011562,0.256234323134411,0.118617645191028,0.0312653862597844
"EHS All","",NA,NA,0,789,0.0306816414381838,0.0751905678425399,0.683346682536263,0.0358122227820586,0.0877591422291002,0.683330353283662
"EHS All","",NA,1,NA,145,0.189005323469739,0.17896698794801,0.292707828462866,0.229838985894237,0.217279144278613,0.291927946033481
"EHS All","",NA,0,NA,1122,0.0565776335072825,0.059804649743884,0.344331872890753,0.0719209924155612,0.07598698483826,0.344102397053303
"EHS All","",1,NA,NA,748,0.0977329255174011,0.0728943368220543,0.18041044578984,0.117977651454959,0.0879450955015411,0.180168954349229
"EHS All","",0,NA,NA,519,0.0116467109887214,0.0859267475790583,0.892235860297556,0.0158483457138121,0.11692657695734,0.892236902158761
"EHS All","",NA,1,1,45,0.172839541266527,0.321112137986574,0.593177888279112,0.272422588221414,0.502650934379312,0.590635638951552
"EHS All","",NA,1,0,99,0.20310595678569,0.220818503643904,0.359965880697249,0.227143267267667,0.246942137416435,0.359946642881437
"EHS All","",NA,0,1,426,0.167656035555084,0.0837209830892759,0.0458611251702937,0.243631425531014,0.121463159204617,0.0455118582394769
"EHS All","",NA,0,0,690,0.00630833405521972,0.0800159134048466,0.937184010148739,0.00741118617233232,0.0940033751619865,0.93718314987511
"EHS All","",1,NA,1,257,0.207451879854568,0.113630315259078,0.0690689443270346,0.283390799801333,0.155000933021228,0.0686702173881819
"EHS All","",1,NA,0,488,0.068419054809737,0.0914217070992092,0.454587203706249,0.0779475023301242,0.10413827716379,0.454520686042047
"EHS All","",0,NA,1,214,0.108839175453815,0.114796655989722,0.344155962606265,0.173768788292623,0.18280504273074,0.342905678461002
"EHS All","",0,NA,0,301,-0.043386417590351,0.122663975276159,0.723811957326457,-0.05282819069548,0.149262571673283,0.723642352433296
"EHS All","",1,1,NA,105,0.366722625524749,0.228360980014334,0.111359717995986,0.434332527609498,0.271542402893672,0.11277225041842
"EHS All","",1,0,NA,643,0.0546842657787403,0.0763336569886236,0.47401473716184,0.0662965656722362,0.0924932753410619,0.473776029672658
"EHS All","",0,1,NA,40,-0.38194315410718,0.22793060874788,0.102007763704401,-0.50798439496255,0.32182319430603,0.122749833380482
"EHS All","",0,0,NA,479,0.0453596225198813,0.0910875378364632,0.618728800764289,0.0618043062175993,0.124157562538798,0.61886196233888
"EHS All","",1,1,1,29,0.63833602736978,0.426548052469704,0.146118419610735,0.923549997045639,0.646804678926872,0.164795944990339
"EHS All","",1,1,0,75,0.254242162840415,0.277269667566053,0.362188783934502,0.282491292044906,0.307674761775699,0.361564516165354
"EHS All","",1,0,1,228,0.151000155493459,0.115621713905549,0.192885570113414,0.204958659811066,0.156451065597686,0.191509038682943
"EHS All","",1,0,0,413,0.0441479664164308,0.0960674198190917,0.646080861049549,0.0505758306012149,0.110046239919724,0.646055630513581
"EHS All","",0,1,1,16,-0.659107864625879,0.376300212150942,0.101718230107463,-1.29467616265798,1.10273734418312,0.259958055511968
"EHS All","",0,1,0,24,-0.257098803762347,0.32590426410347,0.43860233299347,-0.316429296938273,0.394819607503475,0.431441209094883
"EHS All","",0,0,1,198,0.154285525618885,0.12013354985753,0.200558752386818,0.246253770531773,0.192125668512529,0.201450536771367
"EHS All","",0,0,0,277,-0.0278593164472203,0.130955502827226,0.831688312299541,-0.0339365190987533,0.159464200016576,0.831628222277767
"EHS All","Subsample (Black, mother <=HS)",NA,NA,NA,348,0.142709759188846,0.0915193310191637,0.119830082928766,0.218063283664445,0.139785541041276,0.11967769701544
"EHS All","Complement of subsample",NA,NA,NA,919,0.0423124256807011,0.0688300363073426,0.538880388985957,0.0501914327260267,0.0816208595190832,0.538750939289952
"EHS All","White",NA,NA,NA,569,-0.00991684155676623,0.0832462527855068,0.905217264965579,-0.0115092803141919,0.0966200666880293,0.905223313351985
"EHS Center+Mixed","",NA,NA,NA,768,0.123288602841152,0.0732159896826092,0.0926078870193603,0.171894787249079,0.101826108358032,0.0917950580739909
"EHS Center+Mixed","",NA,NA,1,331,0.241161128931791,0.0916872062834766,0.00893311776770377,0.392809939313901,0.148171692579391,0.00841249065809196
"EHS Center+Mixed","",NA,NA,0,433,0.0584625126316877,0.103228720877513,0.571457714381908,0.0728563026884748,0.128608247279775,0.571350222221036
"EHS Center+Mixed","",NA,1,NA,93,0.347651076881033,0.225484077244276,0.126592901692859,0.454471240168502,0.292810692154332,0.124109550046279
"EHS Center+Mixed","",NA,0,NA,675,0.0905522550028927,0.0774021156531933,0.242457843845474,0.127560567917119,0.108831098754777,0.24157299441016
"EHS Center+Mixed","",1,NA,NA,444,0.111435884277467,0.097993285764927,0.256079660825623,0.144973691406776,0.127279662154358,0.255313019289058
"EHS Center+Mixed","",0,NA,NA,324,0.121459799524798,0.105613806920663,0.250981974654338,0.188960688526714,0.164280814336004,0.250902747725792
"EHS Center+Mixed","",NA,1,1,38,0.434619429295361,0.319355385002263,0.181995927786294,0.688830793600196,0.500423005549722,0.177169445740798
"EHS Center+Mixed","",NA,1,0,54,0.316552926289538,0.320673693626558,0.328140423596064,0.37610248668064,0.379099044082152,0.325745110752929
"EHS Center+Mixed","",NA,0,1,293,0.202699828555463,0.0948979488412997,0.0335157182852578,0.333307153945173,0.154992046724423,0.0323409484816064
"EHS Center+Mixed","",NA,0,0,379,0.0241531713189524,0.10894855615305,0.824672635106105,0.0303107896514297,0.13671426745101,0.824660431945344
"EHS Center+Mixed","",1,NA,1,169,0.251437177413329,0.13408704613991,0.0625138649762052,0.372558238916344,0.196569536949749,0.0597803653433534
"EHS Center+Mixed","",1,NA,0,274,0.0529785634231653,0.127769482628974,0.678731000324256,0.0642497219021551,0.154931237307809,0.678689650431428
"EHS Center+Mixed","",0,NA,1,162,0.215543927431436,0.123773141541655,0.0835278698535127,0.39625247265173,0.22776043920488,0.0838210427707768
"EHS Center+Mixed","",0,NA,0,159,0.0514563842166804,0.168297971446762,0.760203282493566,0.0676027106427508,0.221258399655953,0.760361633264688
"EHS Center+Mixed","",1,1,NA,66,0.501029163897037,0.302711806222756,0.102793137910342,0.681107285138546,0.413393056622797,0.104335894837664
"EHS Center+Mixed","",1,0,NA,378,0.047445791146357,0.102804526661074,0.644696318818578,0.0614587341484954,0.133035120431633,0.644367321205641
"EHS Center+Mixed","",0,1,NA,27,-0.101356255559949,0.25384224658326,0.693071334618374,-0.130828641928445,0.334687118903984,0.69918381301392
"EHS Center+Mixed","",0,0,NA,297,0.143093083989365,0.112961193004518,0.206245517364286,0.22699869583733,0.179438737471385,0.206852335150983
"EHS Center+Mixed","",1,1,1,25,0.863423521816731,0.406973833484029,0.0448637731496655,1.36330029760536,0.69680604651405,0.0626553332971134
"EHS Center+Mixed","",1,1,0,40,0.247916732269984,0.437667866415953,0.574418834150726,0.315530386525434,0.555360386862166,0.573272426235993
"EHS Center+Mixed","",1,0,1,144,0.139914834619152,0.13915521529187,0.316386247417967,0.205568719819556,0.202316331116697,0.311321415917523
"EHS Center+Mixed","",1,0,0,234,0.0367015697353432,0.131827243971718,0.780948260601912,0.0443320761151933,0.159230689332094,0.780942447778181
"EHS Center+Mixed","",0,1,1,13,NA,NA,NA,NA,NA,NA
"EHS Center+Mixed","",0,1,0,14,NA,NA,NA,NA,NA,NA
"EHS Center+Mixed","",0,0,1,149,0.247000161708492,0.128831042149828,0.0571470712825154,0.465642288546919,0.245926969095534,0.0602675310897571
"EHS Center+Mixed","",0,0,0,145,0.031462194206214,0.182641505914899,0.863475099822004,0.0419069063504795,0.243375879266398,0.863531566366734
"EHS Center+Mixed","Subsample (Black, mother <=HS)",NA,NA,NA,245,0.22690996530225,0.101160477791405,0.0257942025166221,0.406970495852275,0.181181353716939,0.0255897901137304
"EHS Center+Mixed","Complement of subsample",NA,NA,NA,523,0.0695040638929322,0.0924636867240991,0.452576700564327,0.0877763019032218,0.116657610953506,0.452134300336211
"EHS Center+Mixed","White",NA,NA,NA,278,0.000392874553671722,0.126606242589127,0.997526312919999,0.000494132729079735,0.159236626399107,0.99752630225802
"EHS Center Only","",NA,NA,NA,375,0.184036294371582,0.100167808288208,0.0669639369315227,0.296646188294918,0.16129513821753,0.0666875842835531
"EHS Center Only","",NA,NA,1,152,0.391749673289461,0.126685381145676,0.00236885466060432,0.860851192897223,0.289731844995074,0.00345597877531886
"EHS Center Only","",NA,NA,0,220,0.0879548578637308,0.13949003419995,0.528997973264892,0.118285836594768,0.187658658765609,0.529142511206386
"EHS Center Only","",NA,1,NA,45,0.549575722893747,0.303025613663108,0.0767177657009706,0.677715140148766,0.381391791833287,0.0826504865806495
"EHS Center Only","",NA,0,NA,330,0.135136910445367,0.106183992093593,0.204037452762524,0.227101521421323,0.178067084367957,0.203080661850115
"EHS Center Only","",1,NA,NA,224,0.218395431346556,0.131025671215441,0.0969615401659356,0.313852347716809,0.188167385934416,0.0967370451525315
"EHS Center Only","",0,NA,NA,151,0.101499038515893,0.148625078432916,0.495717850455494,0.204162641116586,0.300838072695851,0.498414708031008
"EHS Center Only","",NA,1,1,22,0.552762441053277,0.408813679316524,0.19143214598888,0.853530239861678,0.671403500979491,0.218221830032538
"EHS Center Only","",NA,1,0,23,0.552762457155264,0.466270105421946,0.249062263537589,0.598825995251536,0.506104430865932,0.249949616488975
"EHS Center Only","",NA,0,1,130,0.347817352980071,0.13086511849642,0.00886740261765523,0.829113678453077,0.324345235346436,0.0117484575406959
"EHS Center Only","",NA,0,0,197,0.0333121201487344,0.146043220435551,0.819809305488636,0.0461080813922587,0.202180430604822,0.819843118656229
"EHS Center Only","",1,NA,1,88,0.402972952526369,0.175423307313984,0.0240395167596356,0.703874601635042,0.305407239122697,0.0235920866176033
"EHS Center Only","",1,NA,0,136,0.105566336324843,0.173656631293714,0.544280919152468,0.136160401947648,0.224151448008876,0.544581500584644
"EHS Center Only","",0,NA,1,64,0.380572179754157,0.17607358803966,0.0345310612331274,1.28839540020939,0.76733691398742,0.0981761835967208
"EHS Center Only","",0,NA,0,84,-0.0181137870083064,0.224014747207858,0.935750483188178,-0.0270171738428981,0.333876541972843,0.935703028061483
"EHS Center Only","",1,1,NA,33,0.762074419402558,0.405459409583513,0.0696002420615436,1.00733974978499,0.553519773025222,0.0784460914375201
"EHS Center Only","",1,0,NA,191,0.143843611479377,0.137892404331344,0.298207413602403,0.20939856884211,0.200333982181807,0.29724364233099
"EHS Center Only","",0,1,NA,12,NA,NA,NA,NA,NA,NA
"EHS Center Only","",0,0,NA,139,0.117764330519929,0.158526256495945,0.458832571371449,0.252085097530189,0.342194656534214,0.462581683657002
"EHS Center Only","",1,1,1,19,0.680240602631654,0.424409872592555,0.127397164685106,1.07811718152941,0.741705033181473,0.16427850856579
"EHS Center Only","",1,1,0,14,NA,NA,NA,NA,NA,NA
"EHS Center Only","",1,0,1,69,0.31751033609426,0.189288077460787,0.0981255248990949,0.570425455142738,0.331539017004758,0.089950387458537
"EHS Center Only","",1,0,0,122,0.06695870662442,0.173027271375331,0.699453820017452,0.0881163022823163,0.227901600566497,0.699706109372681
"EHS Center Only","",0,1,1,3,NA,NA,NA,NA,NA,NA
"EHS Center Only","",0,1,0,9,NA,NA,NA,NA,NA,NA
"EHS Center Only","",0,0,1,61,0.380434840619111,0.178840800369363,0.0375919490760926,1.44468926817384,0.925761704254437,0.123980446193078
"EHS Center Only","",0,0,0,75,-0.0378413921343295,0.247573474539707,0.878938950526297,-0.0575089577830926,0.375674133607717,0.878755950147638
"EHS Center Only","Subsample (Black, mother <=HS)",NA,NA,NA,110,0.478164854941002,0.141370085475761,0.00100177018422576,1.21380309331177,0.41851230117461,0.00451795640068182
"EHS Center Only","Complement of subsample",NA,NA,NA,265,0.0790118263160772,0.122974829462583,0.521105649740852,0.110589451584768,0.171970807854162,0.520738254277781
"EHS Center Only","White",NA,NA,NA,115,-0.123426059394251,0.178363410797993,0.490361781053869,-0.168641546499076,0.244480557425287,0.491737095882255
"ABC","",NA,NA,NA,103,0.972460534716981,0.18055647982304,4.71566498481055e-07,1.1008203404528,0.202109551167638,3.62515245713313e-07
"ABC","",NA,NA,1,101,0.917122564313727,0.17920232697463,1.51937306307518e-06,1.04079329728527,0.201085223902844,1.19041035547949e-06
"ABC","",NA,NA,0,2,NA,NA,NA,NA,NA,NA
"ABC","",NA,1,NA,12,NA,NA,NA,NA,NA,NA
"ABC","",NA,0,NA,90,0.929398367588934,0.187708903985823,3.52711887125937e-06,1.04505683111111,0.212511231410037,4.0361791785423e-06
"ABC","",1,NA,NA,34,0.717928578754579,0.345123099245724,0.0455972978302492,0.753825007692308,0.350264559293297,0.0390318143424286
"ABC","",0,NA,NA,69,1.11192849662162,0.214768344008802,2.23205214708389e-06,1.29834648915187,0.254373783800834,2.95140788450915e-06
"ABC","",NA,1,1,10,NA,NA,NA,NA,NA,NA
"ABC","",NA,1,0,2,NA,NA,NA,NA,NA,NA
"ABC","",NA,0,1,90,0.929398367588934,0.187708903985823,3.52711887125937e-06,1.04505683111111,0.212511231410037,4.0361791785423e-06
"ABC","",NA,0,0,0,NA,NA,NA,NA,NA,NA
"ABC","",1,NA,1,33,0.61955451923077,0.329638264947405,0.0696051715683154,0.652162651821862,0.335849025471513,0.0612924812824544
"ABC","",1,NA,0,1,NA,NA,NA,NA,NA,NA
"ABC","",0,NA,1,68,1.08253594420227,0.21648199007786,4.47917907415584e-06,1.26700890612245,0.256880036249787,5.78573969424783e-06
"ABC","",0,NA,0,1,NA,NA,NA,NA,NA,NA
"ABC","",1,1,NA,8,NA,NA,NA,NA,NA,NA
"ABC","",1,0,NA,25,0.529537833333333,0.357142719217908,0.151726040797488,0.529537833333333,0.357142719217907,0.151726040797488
"ABC","",0,1,NA,4,NA,NA,NA,NA,NA,NA
"ABC","",0,0,NA,65,1.07455580076628,0.22410513372237,1.03334962417464e-05,1.26761158870057,0.26801023158217,1.31003737133748e-05
"ABC","",1,1,1,7,NA,NA,NA,NA,NA,NA
"ABC","",1,1,0,1,NA,NA,NA,NA,NA,NA
"ABC","",1,0,1,25,0.529537833333333,0.357142719217908,0.151726040797488,0.529537833333333,0.357142719217907,0.151726040797488
"ABC","",1,0,0,0,NA,NA,NA,NA,NA,NA
"ABC","",0,1,1,3,NA,NA,NA,NA,NA,NA
"ABC","",0,1,0,1,NA,NA,NA,NA,NA,NA
"ABC","",0,0,1,65,1.07455580076628,0.22410513372237,1.03334962417464e-05,1.26761158870057,0.26801023158217,1.31003737133748e-05
"ABC","",0,0,0,0,NA,NA,NA,NA,NA,NA
"ABC","Subsample (Black, mother <=HS)",NA,NA,NA,98,0.931758239166668,0.181592598815628,1.50032938128263e-06,1.06183275118708,0.204517181306776,1.16333752527625e-06
"ABC","Complement of subsample",NA,NA,NA,5,NA,NA,NA,NA,NA,NA
"ABC","White",NA,NA,NA,1,NA,NA,NA,NA,NA,NA
