"participation","program","subsample","method","covariates","variable","coefficient","se","p_value","F_stat","N"
"12m","ehs-full",FALSE,"ITT","none","Constant",-0.0300104754275506,0.0413007130815069,0.467585027151979,NA,1267
"12m","ehs-full",FALSE,"ITT","none","R",0.0728218240002759,0.05675244773858,0.199675044976956,NA,1267
"12m","ehs-full",FALSE,"ITT","all","Constant",-3.98691298866376,0.64376555662575,7.97914576750529e-10,NA,1267
"12m","ehs-full",FALSE,"ITT","all","R",0.0788799491663504,0.0523619493603291,0.132206819712359,NA,1267
"12m","ehs-full",FALSE,"ITT","all","m_iq",0.0252871503762175,0.00306332695697142,3.81441450419483e-16,NA,1267
"12m","ehs-full",FALSE,"ITT","all","black",-0.182955638112582,0.0582335789188179,0.00171866105727156,NA,1267
"12m","ehs-full",FALSE,"ITT","all","sex",-0.18812158750371,0.0523845665948158,0.00034191927959115,NA,1267
"12m","ehs-full",FALSE,"ITT","all","m_age",-0.000943242999855914,0.0052527364147836,0.857517782412573,NA,1267
"12m","ehs-full",FALSE,"ITT","all","m_edu_2",0.0710446198576669,0.0672081686881293,0.29067709115582,NA,1267
"12m","ehs-full",FALSE,"ITT","all","m_edu_3",0.36069794921445,0.0769911532324401,3.10562426517589e-06,NA,1267
"12m","ehs-full",FALSE,"ITT","all","sibling",-0.0459759032195499,0.025021931769562,0.0663835992671304,NA,1267
"12m","ehs-full",FALSE,"ITT","all","gestage",0.0446640428206258,0.0145634102904444,0.00220942169843575,NA,1267
"12m","ehs-full",FALSE,"ITT","all","mf",0.0776300790912926,0.0686990100420589,0.258690931269202,NA,1267
"12m","ehs-full",FALSE,"ITT","all","poverty",-0.0705148245760847,0.0837631994687562,0.400040490851831,NA,1267
"12m","ehs-full",FALSE,"ITT","short","Constant",-3.28857759062779,0.257763631720719,3.74839816550431e-35,NA,1267
"12m","ehs-full",FALSE,"ITT","short","R",0.0736185698971876,0.0534087265023392,0.168324041831471,NA,1267
"12m","ehs-full",FALSE,"ITT","short","m_iq",0.0339987377445605,0.0027863228506977,1.87894970724332e-32,NA,1267
"12m","ehs-full",FALSE,"ITT","short","m_age",0.00803817489230403,0.0048854595480234,0.100151370662796,NA,1267
"12m","ehs-full",FALSE,"LATE","none","Constant",-0.037155716252308,0.0455718359658837,0.415041549468602,174.683432461994,1267
"12m","ehs-full",FALSE,"LATE","none","D",0.283904235437022,0.221538817845231,0.200249396348377,174.683432461994,1267
"12m","ehs-full",FALSE,"LATE","all","Constant",-3.88778028075183,0.646138538440788,2.32887192098618e-09,172.324550198687,1267
"12m","ehs-full",FALSE,"LATE","all","D",0.311915113984261,0.208058412301047,0.13408080048029,172.324550198687,1267
"12m","ehs-full",FALSE,"LATE","all","m_iq",0.0256808136241752,0.00308999389927121,2.43876084531648e-16,172.324550198687,1267
"12m","ehs-full",FALSE,"LATE","all","black",-0.18615625169805,0.0585954658160661,0.00152448047037533,172.324550198687,1267
"12m","ehs-full",FALSE,"LATE","all","sex",-0.181164084356592,0.0528391114756331,0.000626374354748922,172.324550198687,1267
"12m","ehs-full",FALSE,"LATE","all","m_age",-0.00181667355816545,0.0053086554851172,0.732250362555306,172.324550198687,1267
"12m","ehs-full",FALSE,"LATE","all","m_edu_2",0.0605921338878423,0.0680581470804488,0.373475727254057,172.324550198687,1267
"12m","ehs-full",FALSE,"LATE","all","m_edu_3",0.326663933179414,0.0812339176428238,6.13353371203201e-05,172.324550198687,1267
"12m","ehs-full",FALSE,"LATE","all","sibling",-0.0495150227228312,0.0252625918417963,0.0502152172845367,172.324550198687,1267
"12m","ehs-full",FALSE,"LATE","all","gestage",0.0418349841894265,0.0147133230995702,0.00453670502226488,172.324550198687,1267
"12m","ehs-full",FALSE,"LATE","all","mf",0.0910641603901603,0.0699279974313224,0.193067796481147,172.324550198687,1267
"12m","ehs-full",FALSE,"LATE","all","poverty",-0.0856164365578771,0.085028407188349,0.31416939079956,172.324550198687,1267
"12m","ehs-full",FALSE,"LATE","short","Constant",-3.26670989153362,0.257097659471804,6.76491367545976e-35,175.265527695159,1267
"12m","ehs-full",FALSE,"LATE","short","D",0.287275587615336,0.208899996235481,0.16931879324206,175.265527695159,1267
"12m","ehs-full",FALSE,"LATE","short","m_iq",0.0340360606948049,0.00279304333345867,2.23981034445927e-32,175.265527695159,1267
"12m","ehs-full",FALSE,"LATE","short","m_age",0.00656380957640456,0.00501757277141966,0.191055612838049,175.265527695159,1267
"12m","ehs-full",TRUE,"ITT","none","Constant",-0.354575120863233,0.0661848987649555,1.54424702619459e-07,NA,348
"12m","ehs-full",TRUE,"ITT","none","R",0.142709759188846,0.0915193310191637,0.119830082928766,NA,348
"12m","ehs-full",TRUE,"ITT","all","Constant",-3.31964290375266,1.1879783545936,0.00549602726186462,NA,348
"12m","ehs-full",TRUE,"ITT","all","R",0.134639845639174,0.0900250560071258,0.135692966341818,NA,348
"12m","ehs-full",TRUE,"ITT","all","m_iq",0.0225673680732418,0.00589510889380791,0.000153746825574813,NA,348
"12m","ehs-full",TRUE,"ITT","all","sex",-0.185210544345195,0.0906061881061667,0.0417133223015743,NA,348
"12m","ehs-full",TRUE,"ITT","all","m_age",0.00172003371309725,0.00893817696965375,0.847515336144922,NA,348
"12m","ehs-full",TRUE,"ITT","all","sibling",-0.0479709697379826,0.0387279584499617,0.216326553954288,NA,348
"12m","ehs-full",TRUE,"ITT","all","gestage",0.029456605782015,0.0261614783243071,0.260981703222689,NA,348
"12m","ehs-full",TRUE,"ITT","all","mf",-0.0861264497273954,0.199357629803883,0.666001654207381,NA,348
"12m","ehs-full",TRUE,"ITT","all","poverty",-0.0435462409246155,0.172443877661289,0.80078900537544,NA,348
"12m","ehs-full",TRUE,"ITT","short","Constant",-2.3162673352239,0.526144098671878,1.4311860670675e-05,NA,348
"12m","ehs-full",TRUE,"ITT","short","R",0.143769910135346,0.0898155016072598,0.11035577773892,NA,348
"12m","ehs-full",TRUE,"ITT","short","m_iq",0.023214270437278,0.00586150237222332,9.09432186204083e-05,NA,348
"12m","ehs-full",TRUE,"ITT","short","m_age",-0.000819933687243672,0.00846076536368242,0.922854216774089,NA,348
"12m","ehs-full",TRUE,"LATE","none","Constant",-0.372148311778233,0.0767504142314525,1.87998056968243e-06,43.7145159094781,348
"12m","ehs-full",TRUE,"LATE","none","D",0.583429938377999,0.384209611738289,0.129796568886479,43.7145159094781,348
"12m","ehs-full",TRUE,"LATE","all","Constant",-3.10389064001239,1.22343538338119,0.011627573802609,42.452944490971,348
"12m","ehs-full",TRUE,"LATE","all","D",0.561733732794414,0.38441965027777,0.14487273762839,42.452944490971,348
"12m","ehs-full",TRUE,"LATE","all","m_iq",0.0247139957910546,0.00621730416979258,8.60253503512779e-05,42.452944490971,348
"12m","ehs-full",TRUE,"LATE","all","sex",-0.152964615434453,0.0959474785207333,0.111811108357381,42.452944490971,348
"12m","ehs-full",TRUE,"LATE","all","m_age",-0.00309363414709909,0.00959348170974801,0.747293543106344,42.452944490971,348
"12m","ehs-full",TRUE,"LATE","all","sibling",-0.0551109389241364,0.0398469626988461,0.167555177392756,42.452944490971,348
"12m","ehs-full",TRUE,"LATE","all","gestage",0.0212348324809426,0.0276094969008123,0.442361546760264,42.452944490971,348
"12m","ehs-full",TRUE,"LATE","all","mf",-0.0501428769515102,0.20485250232321,0.806778347957633,42.452944490971,348
"12m","ehs-full",TRUE,"LATE","all","poverty",-0.117115697004171,0.187027347353016,0.531608070182627,42.452944490971,348
"12m","ehs-full",TRUE,"LATE","short","Constant",-2.43344097699354,0.551161963527843,1.35354796902264e-05,45.1575639384662,348
"12m","ehs-full",TRUE,"LATE","short","D",0.581849578261146,0.371955685775976,0.118667003486331,45.1575639384662,348
"12m","ehs-full",TRUE,"LATE","short","m_iq",0.0254069759308262,0.00616294617497577,4.70149891460999e-05,45.1575639384662,348
"12m","ehs-full",TRUE,"LATE","short","m_age",-0.00508496745383962,0.00898639946471315,0.571863658649791,45.1575639384662,348
"12m","ehsmixed_center",FALSE,"ITT","none","Constant",-0.1534844077224,0.0531683078844075,0.00400178620526185,NA,768
"12m","ehsmixed_center",FALSE,"ITT","none","R",0.123288602841151,0.0732159896826093,0.0926078870193629,NA,768
"12m","ehsmixed_center",FALSE,"ITT","all","Constant",-4.60245171312526,0.813897291731209,2.21229574007518e-08,NA,768
"12m","ehsmixed_center",FALSE,"ITT","all","R",0.131665998828375,0.0671654202374601,0.050324802298471,NA,768
"12m","ehsmixed_center",FALSE,"ITT","all","m_iq",0.0248464658998218,0.00408783445403549,1.92730726635664e-09,NA,768
"12m","ehsmixed_center",FALSE,"ITT","all","black",-0.380467330165984,0.0736313485391662,3.0434997494892e-07,NA,768
"12m","ehsmixed_center",FALSE,"ITT","all","sex",-0.178341253422532,0.0673048361260177,0.00822335402557073,NA,768
"12m","ehsmixed_center",FALSE,"ITT","all","m_age",0.00118769723003129,0.00667099637788057,0.858740076646109,NA,768
"12m","ehsmixed_center",FALSE,"ITT","all","m_edu_2",0.0105348856949281,0.0872803890605176,0.903959434945619,NA,768
"12m","ehsmixed_center",FALSE,"ITT","all","m_edu_3",0.259939509186172,0.0987304386033138,0.00864082103861542,NA,768
"12m","ehsmixed_center",FALSE,"ITT","all","sibling",-0.0244241908814037,0.031097720472626,0.432464370871671,NA,768
"12m","ehsmixed_center",FALSE,"ITT","all","gestage",0.0611028875859918,0.017882301458972,0.000667136892245462,NA,768
"12m","ehsmixed_center",FALSE,"ITT","all","mf",0.00888852622912464,0.0913402810134799,0.922504238056105,NA,768
"12m","ehsmixed_center",FALSE,"ITT","all","poverty",-0.032742203739728,0.104459610407783,0.754030068208025,NA,768
"12m","ehsmixed_center",FALSE,"ITT","short","Constant",-3.46255472266223,0.334838421596254,1.50902971426267e-23,NA,768
"12m","ehsmixed_center",FALSE,"ITT","short","R",0.127641208405649,0.068965522383001,0.0645845173015275,NA,768
"12m","ehsmixed_center",FALSE,"ITT","short","m_iq",0.0350398923328536,0.00373140006452434,6.70303367756806e-20,NA,768
"12m","ehsmixed_center",FALSE,"ITT","short","m_age",0.00799514804332889,0.00616448508425877,0.195033282912647,NA,768
"12m","ehsmixed_center",FALSE,"LATE","none","Constant",-0.16546192742847,0.0582241742282048,0.00460504990329263,230.320631350095,768
"12m","ehsmixed_center",FALSE,"LATE","none","D",0.289855976886903,0.171209937019095,0.0908647946581025,230.320631350095,768
"12m","ehsmixed_center",FALSE,"LATE","all","Constant",-4.37921506850328,0.818500643340042,1.16497051768519e-07,229.701810660325,768
"12m","ehsmixed_center",FALSE,"LATE","all","D",0.313257089204179,0.160211237044903,0.0509186437113755,229.701810660325,768
"12m","ehsmixed_center",FALSE,"LATE","all","m_iq",0.0242543933959346,0.00410227178390704,5.10177694153671e-09,229.701810660325,768
"12m","ehsmixed_center",FALSE,"LATE","all","black",-0.377067020019424,0.0738383017680544,4.15413383721352e-07,229.701810660325,768
"12m","ehsmixed_center",FALSE,"LATE","all","sex",-0.16619488167221,0.0677259925494571,0.0143549730072938,229.701810660325,768
"12m","ehsmixed_center",FALSE,"LATE","all","m_age",0.00062595388550072,0.00669740289074353,0.925561155762316,229.701810660325,768
"12m","ehsmixed_center",FALSE,"LATE","all","m_edu_2",-0.00769640062237328,0.0881096337621366,0.930416225091481,229.701810660325,768
"12m","ehsmixed_center",FALSE,"LATE","all","m_edu_3",0.215972573905157,0.102430962013955,0.0353188236994692,229.701810660325,768
"12m","ehsmixed_center",FALSE,"LATE","all","sibling",-0.0248207945396011,0.0311892245388265,0.426390458717345,229.701810660325,768
"12m","ehsmixed_center",FALSE,"LATE","all","gestage",0.0569837543515895,0.0180524919486393,0.00165977429353315,229.701810660325,768
"12m","ehsmixed_center",FALSE,"LATE","all","mf",0.0195942718786597,0.0919022555071337,0.831222414859352,229.701810660325,768
"12m","ehsmixed_center",FALSE,"LATE","all","poverty",-0.0417391588260172,0.105021866868227,0.691160346430969,229.701810660325,768
"12m","ehsmixed_center",FALSE,"LATE","short","Constant",-3.33120603639741,0.334138837625625,4.3224428448161e-22,233.06884069899,768
"12m","ehsmixed_center",FALSE,"LATE","short","D",0.300667321574075,0.162355434187269,0.0644246473662444,233.06884069899,768
"12m","ehsmixed_center",FALSE,"LATE","short","m_iq",0.0338141575572582,0.0037765084996941,2.57924282528774e-18,233.06884069899,768
"12m","ehsmixed_center",FALSE,"LATE","short","m_age",0.00643824666420188,0.00624300159089845,0.302738589397501,233.06884069899,768
"12m","ehsmixed_center",TRUE,"ITT","none","Constant",-0.590136516120376,0.0731194329169641,3.22292397315452e-14,NA,245
"12m","ehsmixed_center",TRUE,"ITT","none","R",0.22690996530225,0.101160477791405,0.0257942025166222,NA,245
"12m","ehsmixed_center",TRUE,"ITT","all","Constant",-3.93811723506503,1.25775891430389,0.00196160850038588,NA,245
"12m","ehsmixed_center",TRUE,"ITT","all","R",0.219926791084649,0.0997331606540005,0.0284084596014114,NA,245
"12m","ehsmixed_center",TRUE,"ITT","all","m_iq",0.0175886803355687,0.00653776391054459,0.0076484028342647,NA,245
"12m","ehsmixed_center",TRUE,"ITT","all","sex",-0.257083377499878,0.10050513079797,0.0111563914221631,NA,245
"12m","ehsmixed_center",TRUE,"ITT","all","m_age",0.0066635622625507,0.00987716410359015,0.500562787255469,NA,245
"12m","ehsmixed_center",TRUE,"ITT","all","sibling",-0.00764069236530986,0.0409907424148924,0.852290876217545,NA,245
"12m","ehsmixed_center",TRUE,"ITT","all","gestage",0.0472705849342043,0.0273741456726167,0.0855061199045838,NA,245
"12m","ehsmixed_center",TRUE,"ITT","all","mf",0.0254301908962526,0.220010842369031,0.90807888379829,NA,245
"12m","ehsmixed_center",TRUE,"ITT","all","poverty",0.113021226352383,0.177177959335474,0.524159400565177,NA,245
"12m","ehsmixed_center",TRUE,"ITT","short","Constant",-2.21539146749957,0.573125406867077,0.000142638822645761,NA,245
"12m","ehsmixed_center",TRUE,"ITT","short","R",0.241823263180671,0.100057373969056,0.0163993274765048,NA,245
"12m","ehsmixed_center",TRUE,"ITT","short","m_iq",0.0179302664928904,0.00652217746929433,0.00642805751520091,NA,245
"12m","ehsmixed_center",TRUE,"ITT","short","m_age",0.00548003585615586,0.00940407509697894,0.560619957818895,NA,245
"12m","ehsmixed_center",TRUE,"LATE","none","Constant",-0.6180102930481,0.0834324266674381,2.11700820059372e-12,50.9915442066065,245
"12m","ehsmixed_center",TRUE,"LATE","none","D",0.652246380108733,0.293893628624501,0.0273884081696513,50.9915442066065,245
"12m","ehsmixed_center",TRUE,"LATE","all","Constant",-3.22666755322543,1.30791847859554,0.0143353715902816,50.4489591004992,245
"12m","ehsmixed_center",TRUE,"LATE","all","D",0.639947985520919,0.295724395533274,0.0314679870821374,50.4489591004992,245
"12m","ehsmixed_center",TRUE,"LATE","all","m_iq",0.0180459046970718,0.00667477649460849,0.00735840325444896,50.4489591004992,245
"12m","ehsmixed_center",TRUE,"LATE","all","sex",-0.201466764945339,0.106854854959045,0.0606009704707846,50.4489591004992,245
"12m","ehsmixed_center",TRUE,"LATE","all","m_age",-0.00175656374463201,0.0106309814970836,0.868903905766836,50.4489591004992,245
"12m","ehsmixed_center",TRUE,"LATE","all","sibling",-0.0105687011634348,0.0417972379294233,0.800599250522661,50.4489591004992,245
"12m","ehsmixed_center",TRUE,"LATE","all","gestage",0.0312523656609577,0.0290318764406503,0.282809819333962,50.4489591004992,245
"12m","ehsmixed_center",TRUE,"LATE","all","mf",0.0948951254168754,0.225457330325278,0.674210708838026,50.4489591004992,245
"12m","ehsmixed_center",TRUE,"LATE","all","poverty",0.0441309028798706,0.185608273708536,0.812270694454618,50.4489591004992,245
"12m","ehsmixed_center",TRUE,"LATE","short","Constant",-2.10854056446385,0.577169213167243,0.000317715558985643,52.9451571381079,245
"12m","ehsmixed_center",TRUE,"LATE","short","D",0.686836883066338,0.288544578757777,0.0180746680081504,52.9451571381079,245
"12m","ehsmixed_center",TRUE,"LATE","short","m_iq",0.018179569310257,0.00662755351188659,0.00654482331053466,52.9451571381079,245
"12m","ehsmixed_center",TRUE,"LATE","short","m_age",-0.0022569138338358,0.00998272712289548,0.821329349664006,52.9451571381079,245
"12m","ehscenter",FALSE,"ITT","none","Constant",-0.242531230635508,0.0765481316119589,0.00165954384747028,NA,375
"12m","ehscenter",FALSE,"ITT","none","R",0.184036294371584,0.100167808288209,0.0669639369315216,NA,375
"12m","ehscenter",FALSE,"ITT","all","Constant",-3.17141016031555,1.19220639750199,0.00815775323617641,NA,375
"12m","ehscenter",FALSE,"ITT","all","R",0.182515183435554,0.0940853886489793,0.0531674768249208,NA,375
"12m","ehscenter",FALSE,"ITT","all","m_iq",0.0224363619386075,0.00601544213407543,0.000222281221256852,NA,375
"12m","ehscenter",FALSE,"ITT","all","black",-0.341722418289544,0.104118204108543,0.00113049606493712,NA,375
"12m","ehscenter",FALSE,"ITT","all","sex",-0.0897609044167657,0.0937244603532056,0.338846143435087,NA,375
"12m","ehscenter",FALSE,"ITT","all","m_age",-0.00639960001407904,0.00867394100217394,0.461115018093912,NA,375
"12m","ehscenter",FALSE,"ITT","all","m_edu_2",0.120713380641289,0.11694008679489,0.302634352869734,NA,375
"12m","ehscenter",FALSE,"ITT","all","m_edu_3",0.391298637861844,0.132174331102707,0.00327353124303599,NA,375
"12m","ehscenter",FALSE,"ITT","all","sibling",-0.0141138835768388,0.0520860109704225,0.786566096984259,NA,375
"12m","ehscenter",FALSE,"ITT","all","gestage",0.0286030884113746,0.0266297150065761,0.28348944854259,NA,375
"12m","ehscenter",FALSE,"ITT","all","mf",-0.0141763811646715,0.123047791050955,0.908342084435322,NA,375
"12m","ehscenter",FALSE,"ITT","all","poverty",0.00481812859340287,0.144803855940852,0.973474787606622,NA,375
"12m","ehscenter",FALSE,"ITT","short","Constant",-3.33280714811363,0.481302497210925,1.93611694785857e-11,NA,375
"12m","ehscenter",FALSE,"ITT","short","R",0.19221339499486,0.0949800512950559,0.0437149491772996,NA,375
"12m","ehscenter",FALSE,"ITT","short","m_iq",0.034777037028775,0.0053324810774173,2.27741453813818e-10,NA,375
"12m","ehscenter",FALSE,"ITT","short","m_age",-0.000141224032565064,0.00811932945508805,0.986131997920958,NA,375
"12m","ehscenter",FALSE,"LATE","none","Constant",-0.272586374906483,0.0877413151639156,0.00203674742220258,193.694385030213,375
"12m","ehscenter",FALSE,"LATE","none","D",0.312573500418135,0.166465162163721,0.0612007459452805,193.694385030213,375
"12m","ehscenter",FALSE,"LATE","all","Constant",-2.8717294351045,1.18620953564152,0.0159707148900991,203.598683865599,375
"12m","ehscenter",FALSE,"LATE","all","D",0.31625654538686,0.161369142064775,0.0507800906893831,203.598683865599,375
"12m","ehscenter",FALSE,"LATE","all","m_iq",0.02058975343676,0.00600355134871184,0.000673969921197791,203.598683865599,375
"12m","ehscenter",FALSE,"LATE","all","black",-0.339316330678435,0.103038878776877,0.0010883174991215,203.598683865599,375
"12m","ehscenter",FALSE,"LATE","all","sex",-0.0741516504676829,0.0930282131485335,0.42592110585209,203.598683865599,375
"12m","ehscenter",FALSE,"LATE","all","m_age",-0.00791077845073029,0.00860355758890768,0.35845640616635,203.598683865599,375
"12m","ehscenter",FALSE,"LATE","all","m_edu_2",0.0901432732147196,0.117187422751122,0.442261091636628,203.598683865599,375
"12m","ehscenter",FALSE,"LATE","all","m_edu_3",0.327793288206824,0.136941529222526,0.0171876727968269,203.598683865599,375
"12m","ehscenter",FALSE,"LATE","all","sibling",-0.0301727306208615,0.0526605297395507,0.567021972045627,203.598683865599,375
"12m","ehscenter",FALSE,"LATE","all","gestage",0.0260905048331657,0.0264353112716059,0.324321303472996,203.598683865599,375
"12m","ehscenter",FALSE,"LATE","all","mf",-0.0199309229048211,0.121682172961074,0.869983741349022,203.598683865599,375
"12m","ehscenter",FALSE,"LATE","all","poverty",-0.0112531782321565,0.14382548331504,0.937678748006196,203.598683865599,375
"12m","ehscenter",FALSE,"LATE","short","Constant",-3.01115088183419,0.48101781920683,1.06459765654739e-09,210.215649336461,375
"12m","ehscenter",FALSE,"LATE","short","D",0.325765171976336,0.15882420822787,0.0409585363423516,210.215649336461,375
"12m","ehscenter",FALSE,"LATE","short","m_iq",0.031666742488396,0.00545406934310668,1.37473430477404e-08,210.215649336461,375
"12m","ehscenter",FALSE,"LATE","short","m_age",-0.00354863262835866,0.00819835350227139,0.665377450259043,210.215649336461,375
"12m","ehscenter",TRUE,"ITT","none","Constant",-0.809954011135481,0.109504797339908,3.17804093379388e-11,NA,110
"12m","ehscenter",TRUE,"ITT","none","R",0.478164854941001,0.14137008547576,0.00100177018422578,NA,110
"12m","ehscenter",TRUE,"ITT","all","Constant",-2.80959944355519,1.89865413347306,0.14204318558868,NA,110
"12m","ehscenter",TRUE,"ITT","all","R",0.519376306922035,0.144158258426136,0.000490422056344428,NA,110
"12m","ehscenter",TRUE,"ITT","all","m_iq",0.021979174220203,0.00938601085944677,0.0211595538609624,NA,110
"12m","ehscenter",TRUE,"ITT","all","sex",-0.174013524345505,0.143274681899596,0.22737172662975,NA,110
"12m","ehscenter",TRUE,"ITT","all","m_age",-0.00142947144192325,0.0117359350098634,0.903297096051573,NA,110
"12m","ehscenter",TRUE,"ITT","all","sibling",0.0628300989652264,0.0849294447599946,0.461142491886649,NA,110
"12m","ehscenter",TRUE,"ITT","all","gestage",0.00509037757473484,0.0432639854433192,0.906571881970028,NA,110
"12m","ehscenter",TRUE,"ITT","all","mf",0.0587150300924844,0.285565539221189,0.837509691047148,NA,110
"12m","ehscenter",TRUE,"ITT","all","poverty",0.0826748315775519,0.239842584885732,0.731033243148976,NA,110
"12m","ehscenter",TRUE,"ITT","short","Constant",-2.81918717547772,0.80684052395832,0.000695389284389465,NA,110
"12m","ehscenter",TRUE,"ITT","short","R",0.53279026063202,0.14086667655384,0.000257540395028834,NA,110
"12m","ehscenter",TRUE,"ITT","short","m_iq",0.0234232413508606,0.00915942068371144,0.011964069265722,NA,110
"12m","ehscenter",TRUE,"ITT","short","m_age",0.000878576841013865,0.0110699814133664,0.936891388049702,NA,110
"12m","ehscenter",TRUE,"LATE","none","Constant",-0.935786867698903,0.144236132073541,2.70504042774769e-09,25.5659016393443,110
"12m","ehscenter",TRUE,"LATE","none","D",1.10732913775811,0.336547111831142,0.00135231486276191,25.5659016393443,110
"12m","ehscenter",TRUE,"LATE","all","Constant",-1.02899161823557,2.04610055688768,0.616126847320348,27.038962408117,110
"12m","ehscenter",TRUE,"LATE","all","D",1.17813525113067,0.345044884769725,0.000921387950028911,27.038962408117,110
"12m","ehscenter",TRUE,"LATE","all","m_iq",0.0171290620389126,0.00980342444179079,0.0836330042081613,27.038962408117,110
"12m","ehscenter",TRUE,"LATE","all","sex",-0.0718808454384932,0.15469292023939,0.643169406332768,27.038962408117,110
"12m","ehscenter",TRUE,"LATE","all","m_age",-0.0167094377825672,0.012695411350337,0.191093159455611,27.038962408117,110
"12m","ehscenter",TRUE,"LATE","all","sibling",-0.0652720092955621,0.100425870489207,0.517198722781116,27.038962408117,110
"12m","ehscenter",TRUE,"LATE","all","gestage",-0.0231838438523586,0.0470159007893332,0.623007802084449,27.038962408117,110
"12m","ehscenter",TRUE,"LATE","all","mf",-0.0591440273116985,0.301902794850031,0.845078754199552,27.038962408117,110
"12m","ehscenter",TRUE,"LATE","all","poverty",-0.0508178602305982,0.258354733569224,0.844459133557295,27.038962408117,110
"12m","ehscenter",TRUE,"LATE","short","Constant",-2.07481339924591,0.808500189630496,0.0116771430926453,30.298415481383,110
"12m","ehscenter",TRUE,"LATE","short","D",1.13925021838939,0.313325049781472,0.000429166816939723,30.298415481383,110
"12m","ehscenter",TRUE,"LATE","short","m_iq",0.0180194097984511,0.00943635243091392,0.058891514603587,30.298415481383,110
"12m","ehscenter",TRUE,"LATE","short","m_age",-0.0175964162404169,0.0120597503892938,0.14749384863639,30.298415481383,110
"12m","abc",FALSE,"ITT","none","Constant",-0.53365878,0.129518677572101,7.76012674984315e-05,NA,103
"12m","abc",FALSE,"ITT","none","R",0.972460534716981,0.18055647982304,4.71566498481054e-07,NA,103
"12m","abc",FALSE,"ITT","all","Constant",-3.54663967207747,1.90593000567588,0.0659951701241074,NA,103
"12m","abc",FALSE,"ITT","all","R",1.0502057137231,0.184063282763659,1.43026229775516e-07,NA,103
"12m","abc",FALSE,"ITT","all","m_iq",0.0264575289950457,0.00865529119678561,0.00293654496968251,NA,103
"12m","abc",FALSE,"ITT","all","black",-0.593301369560245,0.772226129689743,0.444298192889027,NA,103
"12m","abc",FALSE,"ITT","all","sex",-0.0403984156457792,0.185663852408201,0.828236486129252,NA,103
"12m","abc",FALSE,"ITT","all","m_age",0.0260233967949918,0.0313990075812354,0.409388003180159,NA,103
"12m","abc",FALSE,"ITT","all","m_edu_2",-0.451558221855,0.223916191615397,0.0466807099164235,NA,103
"12m","abc",FALSE,"ITT","all","m_edu_3",0.140592947669905,0.503950080683695,0.7808917492735,NA,103
"12m","abc",FALSE,"ITT","all","sibling",-0.0391824331749105,0.140675988084292,0.781237745529048,NA,103
"12m","abc",FALSE,"ITT","all","gestage",0.0246160080010838,0.0370873406916597,0.508540759830542,NA,103
"12m","abc",FALSE,"ITT","all","mf",0.141298723197011,0.235313087024361,0.549684838665341,NA,103
"12m","abc",FALSE,"ITT","all","poverty",-0.19402884873258,0.325654447104825,0.552779829396406,NA,103
"12m","abc",FALSE,"ITT","short","Constant",-2.97367851345937,0.765931099111487,0.000186684040276993,NA,103
"12m","abc",FALSE,"ITT","short","R",0.968003397201768,0.17359953444747,2.13549824861585e-07,NA,103
"12m","abc",FALSE,"ITT","short","m_iq",0.0246328484236951,0.00753335611128075,0.00148088839241203,NA,103
"12m","abc",FALSE,"ITT","short","m_age",0.0189260253764766,0.0178073479091077,0.290448751312352,NA,103
"12m","abc",FALSE,"LATE","none","Constant",-0.599708000427168,0.137033689754427,2.94592191708822e-05,358.903878761706,103
"12m","abc",FALSE,"LATE","none","D",1.1008203404528,0.202109551167638,3.62515245713313e-07,358.903878761706,103
"12m","abc",FALSE,"LATE","all","Constant",-4.27885549986105,1.88424306499295,0.0255142969663874,318.211430020511,103
"12m","abc",FALSE,"LATE","all","D",1.19262389430693,0.202627021614988,6.53284454096712e-08,318.211430020511,103
"12m","abc",FALSE,"LATE","all","m_iq",0.0307533138147202,0.00846935118997758,0.000466138320787864,318.211430020511,103
"12m","abc",FALSE,"LATE","all","black",-0.337514589631454,0.756044397580755,0.656353219699461,318.211430020511,103
"12m","abc",FALSE,"LATE","all","sex",-0.170453964822676,0.181278170236829,0.349558379632434,318.211430020511,103
"12m","abc",FALSE,"LATE","all","m_age",0.0433903966154342,0.0305981220641539,0.159584615464543,318.211430020511,103
"12m","abc",FALSE,"LATE","all","m_edu_2",-0.518970361290045,0.219401799455044,0.0201345223786223,318.211430020511,103
"12m","abc",FALSE,"LATE","all","m_edu_3",0.0805434732005471,0.48863092515255,0.869439470125687,318.211430020511,103
"12m","abc",FALSE,"LATE","all","sibling",-0.119862568091591,0.136627960227906,0.382638482404884,318.211430020511,103
"12m","abc",FALSE,"LATE","all","gestage",0.019934470753338,0.0358248928658514,0.5792746107343,318.211430020511,103
"12m","abc",FALSE,"LATE","all","mf",0.18194991990778,0.229255466745435,0.429460519916003,318.211430020511,103
"12m","abc",FALSE,"LATE","all","poverty",-0.0989454203924858,0.314854088893032,0.754044417527037,318.211430020511,103
"12m","abc",FALSE,"LATE","short","Constant",-3.32833032453146,0.756185689086982,2.71798060100055e-05,354.747752273262,103
"12m","abc",FALSE,"LATE","short","D",1.09579744711364,0.191262161915027,1.08860014165649e-07,354.747752273262,103
"12m","abc",FALSE,"LATE","short","m_iq",0.0274275629730715,0.0073344107782922,0.000308891156975884,354.747752273262,103
"12m","abc",FALSE,"LATE","short","m_age",0.0216703085160098,0.0173791175804952,0.21537010249458,354.747752273262,103
"12m","abc",TRUE,"ITT","none","Constant",-0.556703479166667,0.12970899915402,4.23054519622423e-05,NA,98
"12m","abc",TRUE,"ITT","none","R",0.931758239166667,0.181592598815628,1.50032938128263e-06,NA,98
"12m","abc",TRUE,"ITT","all","Constant",-3.44904045073818,1.66313568949674,0.0409857591541565,NA,98
"12m","abc",TRUE,"ITT","all","R",0.977685273323442,0.186909089749901,1.11012428198939e-06,NA,98
"12m","abc",TRUE,"ITT","all","m_iq",0.0209125931072825,0.00853840607011849,0.0162750712062121,NA,98
"12m","abc",TRUE,"ITT","all","sex",0.0208396685808373,0.190029581168639,0.912921644886994,NA,98
"12m","abc",TRUE,"ITT","all","m_age",0.0114080351180193,0.0314273775769293,0.717468029157704,NA,98
"12m","abc",TRUE,"ITT","all","sibling",0.0262668063105868,0.141188138976639,0.852835853681669,NA,98
"12m","abc",TRUE,"ITT","all","gestage",0.0227928631972421,0.0378920485814217,0.549022183287185,NA,98
"12m","abc",TRUE,"ITT","all","mf",0.0319007496281951,0.245839699496924,0.897047236334112,NA,98
"12m","abc",TRUE,"ITT","all","poverty",-0.304209989040295,0.326806593656799,0.354446019585621,NA,98
"12m","abc",TRUE,"ITT","short","Constant",-2.53147940929448,0.82414959019751,0.00278450694691734,NA,98
"12m","abc",TRUE,"ITT","short","R",0.940781643911622,0.178051044054703,8.16546347624335e-07,NA,98
"12m","abc",TRUE,"ITT","short","m_iq",0.0205005257408011,0.00813387736481096,0.0134078197136358,NA,98
"12m","abc",TRUE,"ITT","short","m_age",0.0132922470716533,0.0181932396110089,0.466831701469102,NA,98
"12m","abc",TRUE,"LATE","none","Constant",-0.623068026115859,0.137609760727321,1.71166194792061e-05,321.402646811055,98
"12m","abc",TRUE,"LATE","none","D",1.06183275118708,0.204517181306776,1.16333752527623e-06,321.402646811055,98
"12m","abc",TRUE,"LATE","all","Constant",-3.79124104155382,1.63673933273966,0.0228369209385437,317.625451062129,98
"12m","abc",TRUE,"LATE","all","D",1.10104238052631,0.205400354699785,6.47400770172823e-07,317.625451062129,98
"12m","abc",TRUE,"LATE","all","m_iq",0.0242331684036743,0.00835526844869127,0.00469539591805298,317.625451062129,98
"12m","abc",TRUE,"LATE","all","sex",-0.0904171614877255,0.185485021965464,0.627128545811071,317.625451062129,98
"12m","abc",TRUE,"LATE","all","m_age",0.0258073220727122,0.0307045452987159,0.402877736308467,317.625451062129,98
"12m","abc",TRUE,"LATE","all","sibling",-0.0406384086430719,0.137616093171735,0.768450442913221,317.625451062129,98
"12m","abc",TRUE,"LATE","all","gestage",0.0176706528471636,0.0368356440768496,0.632606056162258,317.625451062129,98
"12m","abc",TRUE,"LATE","all","mf",0.059817352573477,0.240625794701388,0.804250076286556,317.625451062129,98
"12m","abc",TRUE,"LATE","all","poverty",-0.233686860959313,0.31763066434012,0.463836375464762,317.625451062129,98
"12m","abc",TRUE,"LATE","short","Constant",-2.94556706229597,0.818509166858567,0.00051263201171262,318.439896740357,98
"12m","abc",TRUE,"LATE","short","D",1.07458082011344,0.19826272629364,4.58687103264925e-07,318.439896740357,98
"12m","abc",TRUE,"LATE","short","m_iq",0.0239278311054659,0.00795992455967635,0.00339412287720121,318.439896740357,98
"12m","abc",TRUE,"LATE","short","m_age",0.0163517516715203,0.0177897682103651,0.360361370752545,318.439896740357,98
