"variable","coefficient.x","se.x","p_value.x","F_stat.x","N.x","coefficient.y","se.y","p_value.y","F_stat.y","N.y","coefficient.x.x","se.x.x","p_value.x.x","F_stat.x.x","N.x.x","coefficient.y.y","se.y.y","p_value.y.y","F_stat.y.y","N.y.y","coefficient.x.x.x","se.x.x.x","p_value.x.x.x","F_stat.x.x.x","N.x.x.x","coefficient.y.y.y","se.y.y.y","p_value.y.y.y","F_stat.y.y.y","N.y.y.y","coefficient.x.x.x.x","se.x.x.x.x","p_value.x.x.x.x","F_stat.x.x.x.x","N.x.x.x.x","coefficient.y.y.y.y","se.y.y.y.y","p_value.y.y.y.y","F_stat.y.y.y.y","N.y.y.y.y","coefficient.x.x.x.x.x","se.x.x.x.x.x","p_value.x.x.x.x.x","F_stat.x.x.x.x.x","N.x.x.x.x.x","coefficient.y.y.y.y.y","se.y.y.y.y.y","p_value.y.y.y.y.y","F_stat.y.y.y.y.y","N.y.y.y.y.y","coefficient.x.x.x.x.x.x","se.x.x.x.x.x.x","p_value.x.x.x.x.x.x","F_stat.x.x.x.x.x.x","N.x.x.x.x.x.x","coefficient.y.y.y.y.y.y","se.y.y.y.y.y.y","p_value.y.y.y.y.y.y","F_stat.y.y.y.y.y.y","N.y.y.y.y.y.y","coefficient.x.x.x.x.x.x.x","se.x.x.x.x.x.x.x","p_value.x.x.x.x.x.x.x","F_stat.x.x.x.x.x.x.x","N.x.x.x.x.x.x.x","coefficient.y.y.y.y.y.y.y","se.y.y.y.y.y.y.y","p_value.y.y.y.y.y.y.y","F_stat.y.y.y.y.y.y.y","N.y.y.y.y.y.y.y","coefficient.x.x.x.x.x.x.x.x","se.x.x.x.x.x.x.x.x","p_value.x.x.x.x.x.x.x.x","F_stat.x.x.x.x.x.x.x.x","N.x.x.x.x.x.x.x.x","coefficient.y.y.y.y.y.y.y.y","se.y.y.y.y.y.y.y.y","p_value.y.y.y.y.y.y.y.y","F_stat.y.y.y.y.y.y.y.y","N.y.y.y.y.y.y.y.y","coefficient.x.x.x.x.x.x.x.x.x","se.x.x.x.x.x.x.x.x.x","p_value.x.x.x.x.x.x.x.x.x","F_stat.x.x.x.x.x.x.x.x.x","N.x.x.x.x.x.x.x.x.x","coefficient.y.y.y.y.y.y.y.y.y","se.y.y.y.y.y.y.y.y.y","p_value.y.y.y.y.y.y.y.y.y","F_stat.y.y.y.y.y.y.y.y.y","N.y.y.y.y.y.y.y.y.y","coefficient.x.x.x.x.x.x.x.x.x.x","se.x.x.x.x.x.x.x.x.x.x","p_value.x.x.x.x.x.x.x.x.x.x","F_stat.x.x.x.x.x.x.x.x.x.x","N.x.x.x.x.x.x.x.x.x.x","coefficient.y.y.y.y.y.y.y.y.y.y","se.y.y.y.y.y.y.y.y.y.y","p_value.y.y.y.y.y.y.y.y.y.y","F_stat.y.y.y.y.y.y.y.y.y.y","N.y.y.y.y.y.y.y.y.y.y","coefficient.x.x.x.x.x.x.x.x.x.x.x","se.x.x.x.x.x.x.x.x.x.x.x","p_value.x.x.x.x.x.x.x.x.x.x.x","F_stat.x.x.x.x.x.x.x.x.x.x.x","N.x.x.x.x.x.x.x.x.x.x.x","coefficient.y.y.y.y.y.y.y.y.y.y.y","se.y.y.y.y.y.y.y.y.y.y.y","p_value.y.y.y.y.y.y.y.y.y.y.y","F_stat.y.y.y.y.y.y.y.y.y.y.y","N.y.y.y.y.y.y.y.y.y.y.y","coefficient.x.x.x.x.x.x.x.x.x.x.x.x","se.x.x.x.x.x.x.x.x.x.x.x.x","p_value.x.x.x.x.x.x.x.x.x.x.x.x","F_stat.x.x.x.x.x.x.x.x.x.x.x.x","N.x.x.x.x.x.x.x.x.x.x.x.x","coefficient.y.y.y.y.y.y.y.y.y.y.y.y","se.y.y.y.y.y.y.y.y.y.y.y.y","p_value.y.y.y.y.y.y.y.y.y.y.y.y","F_stat.y.y.y.y.y.y.y.y.y.y.y.y","N.y.y.y.y.y.y.y.y.y.y.y.y","coefficient.x.x.x.x.x.x.x.x.x.x.x.x.x","se.x.x.x.x.x.x.x.x.x.x.x.x.x","p_value.x.x.x.x.x.x.x.x.x.x.x.x.x","F_stat.x.x.x.x.x.x.x.x.x.x.x.x.x","N.x.x.x.x.x.x.x.x.x.x.x.x.x","coefficient.y.y.y.y.y.y.y.y.y.y.y.y.y","se.y.y.y.y.y.y.y.y.y.y.y.y.y","p_value.y.y.y.y.y.y.y.y.y.y.y.y.y","F_stat.y.y.y.y.y.y.y.y.y.y.y.y.y","N.y.y.y.y.y.y.y.y.y.y.y.y.y","coefficient.x.x.x.x.x.x.x.x.x.x.x.x.x.x","se.x.x.x.x.x.x.x.x.x.x.x.x.x.x","p_value.x.x.x.x.x.x.x.x.x.x.x.x.x.x","F_stat.x.x.x.x.x.x.x.x.x.x.x.x.x.x","N.x.x.x.x.x.x.x.x.x.x.x.x.x.x","coefficient.y.y.y.y.y.y.y.y.y.y.y.y.y.y","se.y.y.y.y.y.y.y.y.y.y.y.y.y.y","p_value.y.y.y.y.y.y.y.y.y.y.y.y.y.y","F_stat.y.y.y.y.y.y.y.y.y.y.y.y.y.y","N.y.y.y.y.y.y.y.y.y.y.y.y.y.y","coefficient.x.x.x.x.x.x.x.x.x.x.x.x.x.x.x","se.x.x.x.x.x.x.x.x.x.x.x.x.x.x.x","p_value.x.x.x.x.x.x.x.x.x.x.x.x.x.x.x","F_stat.x.x.x.x.x.x.x.x.x.x.x.x.x.x.x","N.x.x.x.x.x.x.x.x.x.x.x.x.x.x.x","coefficient.y.y.y.y.y.y.y.y.y.y.y.y.y.y.y","se.y.y.y.y.y.y.y.y.y.y.y.y.y.y.y","p_value.y.y.y.y.y.y.y.y.y.y.y.y.y.y.y","F_stat.y.y.y.y.y.y.y.y.y.y.y.y.y.y.y","N.y.y.y.y.y.y.y.y.y.y.y.y.y.y.y","coefficient.x.x.x.x.x.x.x.x.x.x.x.x.x.x.x.x","se.x.x.x.x.x.x.x.x.x.x.x.x.x.x.x.x","p_value.x.x.x.x.x.x.x.x.x.x.x.x.x.x.x.x","F_stat.x.x.x.x.x.x.x.x.x.x.x.x.x.x.x.x","N.x.x.x.x.x.x.x.x.x.x.x.x.x.x.x.x","coefficient.y.y.y.y.y.y.y.y.y.y.y.y.y.y.y.y","se.y.y.y.y.y.y.y.y.y.y.y.y.y.y.y.y","p_value.y.y.y.y.y.y.y.y.y.y.y.y.y.y.y.y","F_stat.y.y.y.y.y.y.y.y.y.y.y.y.y.y.y.y","N.y.y.y.y.y.y.y.y.y.y.y.y.y.y.y.y","coefficient.x.x.x.x.x.x.x.x.x.x.x.x.x.x.x.x.x","se.x.x.x.x.x.x.x.x.x.x.x.x.x.x.x.x.x","p_value.x.x.x.x.x.x.x.x.x.x.x.x.x.x.x.x.x","F_stat.x.x.x.x.x.x.x.x.x.x.x.x.x.x.x.x.x","N.x.x.x.x.x.x.x.x.x.x.x.x.x.x.x.x.x","coefficient.y.y.y.y.y.y.y.y.y.y.y.y.y.y.y.y.y","se.y.y.y.y.y.y.y.y.y.y.y.y.y.y.y.y.y","p_value.y.y.y.y.y.y.y.y.y.y.y.y.y.y.y.y.y","F_stat.y.y.y.y.y.y.y.y.y.y.y.y.y.y.y.y.y","N.y.y.y.y.y.y.y.y.y.y.y.y.y.y.y.y.y","coefficient.x.x.x.x.x.x.x.x.x.x.x.x.x.x.x.x.x.x","se.x.x.x.x.x.x.x.x.x.x.x.x.x.x.x.x.x.x","p_value.x.x.x.x.x.x.x.x.x.x.x.x.x.x.x.x.x.x","F_stat.x.x.x.x.x.x.x.x.x.x.x.x.x.x.x.x.x.x","N.x.x.x.x.x.x.x.x.x.x.x.x.x.x.x.x.x.x","coefficient.y.y.y.y.y.y.y.y.y.y.y.y.y.y.y.y.y.y","se.y.y.y.y.y.y.y.y.y.y.y.y.y.y.y.y.y.y","p_value.y.y.y.y.y.y.y.y.y.y.y.y.y.y.y.y.y.y","F_stat.y.y.y.y.y.y.y.y.y.y.y.y.y.y.y.y.y.y","N.y.y.y.y.y.y.y.y.y.y.y.y.y.y.y.y.y.y","coefficient.x.x.x.x.x.x.x.x.x.x.x.x.x.x.x.x.x.x.x","se.x.x.x.x.x.x.x.x.x.x.x.x.x.x.x.x.x.x.x","p_value.x.x.x.x.x.x.x.x.x.x.x.x.x.x.x.x.x.x.x","F_stat.x.x.x.x.x.x.x.x.x.x.x.x.x.x.x.x.x.x.x","N.x.x.x.x.x.x.x.x.x.x.x.x.x.x.x.x.x.x.x","coefficient.y.y.y.y.y.y.y.y.y.y.y.y.y.y.y.y.y.y.y","se.y.y.y.y.y.y.y.y.y.y.y.y.y.y.y.y.y.y.y","p_value.y.y.y.y.y.y.y.y.y.y.y.y.y.y.y.y.y.y.y","F_stat.y.y.y.y.y.y.y.y.y.y.y.y.y.y.y.y.y.y.y","N.y.y.y.y.y.y.y.y.y.y.y.y.y.y.y.y.y.y.y","coefficient.x.x.x.x.x.x.x.x.x.x.x.x.x.x.x.x.x.x.x.x","se.x.x.x.x.x.x.x.x.x.x.x.x.x.x.x.x.x.x.x.x","p_value.x.x.x.x.x.x.x.x.x.x.x.x.x.x.x.x.x.x.x.x","F_stat.x.x.x.x.x.x.x.x.x.x.x.x.x.x.x.x.x.x.x.x","N.x.x.x.x.x.x.x.x.x.x.x.x.x.x.x.x.x.x.x.x","coefficient.y.y.y.y.y.y.y.y.y.y.y.y.y.y.y.y.y.y.y.y","se.y.y.y.y.y.y.y.y.y.y.y.y.y.y.y.y.y.y.y.y","p_value.y.y.y.y.y.y.y.y.y.y.y.y.y.y.y.y.y.y.y.y","F_stat.y.y.y.y.y.y.y.y.y.y.y.y.y.y.y.y.y.y.y.y","N.y.y.y.y.y.y.y.y.y.y.y.y.y.y.y.y.y.y.y.y","coefficient.x.x.x.x.x.x.x.x.x.x.x.x.x.x.x.x.x.x.x.x.x","se.x.x.x.x.x.x.x.x.x.x.x.x.x.x.x.x.x.x.x.x.x","p_value.x.x.x.x.x.x.x.x.x.x.x.x.x.x.x.x.x.x.x.x.x","F_stat.x.x.x.x.x.x.x.x.x.x.x.x.x.x.x.x.x.x.x.x.x","N.x.x.x.x.x.x.x.x.x.x.x.x.x.x.x.x.x.x.x.x.x","coefficient.y.y.y.y.y.y.y.y.y.y.y.y.y.y.y.y.y.y.y.y.y","se.y.y.y.y.y.y.y.y.y.y.y.y.y.y.y.y.y.y.y.y.y","p_value.y.y.y.y.y.y.y.y.y.y.y.y.y.y.y.y.y.y.y.y.y","F_stat.y.y.y.y.y.y.y.y.y.y.y.y.y.y.y.y.y.y.y.y.y","N.y.y.y.y.y.y.y.y.y.y.y.y.y.y.y.y.y.y.y.y.y","coefficient.x.x.x.x.x.x.x.x.x.x.x.x.x.x.x.x.x.x.x.x.x.x","se.x.x.x.x.x.x.x.x.x.x.x.x.x.x.x.x.x.x.x.x.x.x","p_value.x.x.x.x.x.x.x.x.x.x.x.x.x.x.x.x.x.x.x.x.x.x","F_stat.x.x.x.x.x.x.x.x.x.x.x.x.x.x.x.x.x.x.x.x.x.x","N.x.x.x.x.x.x.x.x.x.x.x.x.x.x.x.x.x.x.x.x.x.x","coefficient.y.y.y.y.y.y.y.y.y.y.y.y.y.y.y.y.y.y.y.y.y.y","se.y.y.y.y.y.y.y.y.y.y.y.y.y.y.y.y.y.y.y.y.y.y","p_value.y.y.y.y.y.y.y.y.y.y.y.y.y.y.y.y.y.y.y.y.y.y","F_stat.y.y.y.y.y.y.y.y.y.y.y.y.y.y.y.y.y.y.y.y.y.y","N.y.y.y.y.y.y.y.y.y.y.y.y.y.y.y.y.y.y.y.y.y.y","coefficient.x.x.x.x.x.x.x.x.x.x.x.x.x.x.x.x.x.x.x.x.x.x.x","se.x.x.x.x.x.x.x.x.x.x.x.x.x.x.x.x.x.x.x.x.x.x.x","p_value.x.x.x.x.x.x.x.x.x.x.x.x.x.x.x.x.x.x.x.x.x.x.x","F_stat.x.x.x.x.x.x.x.x.x.x.x.x.x.x.x.x.x.x.x.x.x.x.x","N.x.x.x.x.x.x.x.x.x.x.x.x.x.x.x.x.x.x.x.x.x.x.x","coefficient.y.y.y.y.y.y.y.y.y.y.y.y.y.y.y.y.y.y.y.y.y.y.y","se.y.y.y.y.y.y.y.y.y.y.y.y.y.y.y.y.y.y.y.y.y.y.y","p_value.y.y.y.y.y.y.y.y.y.y.y.y.y.y.y.y.y.y.y.y.y.y.y","F_stat.y.y.y.y.y.y.y.y.y.y.y.y.y.y.y.y.y.y.y.y.y.y.y","N.y.y.y.y.y.y.y.y.y.y.y.y.y.y.y.y.y.y.y.y.y.y.y","coefficient.x.x.x.x.x.x.x.x.x.x.x.x.x.x.x.x.x.x.x.x.x.x.x.x","se.x.x.x.x.x.x.x.x.x.x.x.x.x.x.x.x.x.x.x.x.x.x.x.x","p_value.x.x.x.x.x.x.x.x.x.x.x.x.x.x.x.x.x.x.x.x.x.x.x.x","F_stat.x.x.x.x.x.x.x.x.x.x.x.x.x.x.x.x.x.x.x.x.x.x.x.x","N.x.x.x.x.x.x.x.x.x.x.x.x.x.x.x.x.x.x.x.x.x.x.x.x","coefficient.y.y.y.y.y.y.y.y.y.y.y.y.y.y.y.y.y.y.y.y.y.y.y.y","se.y.y.y.y.y.y.y.y.y.y.y.y.y.y.y.y.y.y.y.y.y.y.y.y","p_value.y.y.y.y.y.y.y.y.y.y.y.y.y.y.y.y.y.y.y.y.y.y.y.y","F_stat.y.y.y.y.y.y.y.y.y.y.y.y.y.y.y.y.y.y.y.y.y.y.y.y","N.y.y.y.y.y.y.y.y.y.y.y.y.y.y.y.y.y.y.y.y.y.y.y.y"
"R",0.072821824000276,0.05675244773858,0.199675044976955,NA,1267,0.0788799491663505,0.0523619493603291,0.132206819712358,NA,1267,0.0736185698971878,0.0534087265023392,0.16832404183147,NA,1267,NA,NA,NA,NA,NA,NA,NA,NA,NA,NA,NA,NA,NA,NA,NA,0.142709759188846,0.0915193310191637,0.119830082928766,NA,348,0.134639845639174,0.0900250560071258,0.135692966341818,NA,348,0.143769910135346,0.0898155016072598,0.110355777738919,NA,348,NA,NA,NA,NA,NA,NA,NA,NA,NA,NA,NA,NA,NA,NA,NA,0.123288602841151,0.0732159896826093,0.092607887019363,NA,768,0.131665998828375,0.0671654202374601,0.0503248022984712,NA,768,0.127641208405649,0.068965522383001,0.0645845173015275,NA,768,NA,NA,NA,NA,NA,NA,NA,NA,NA,NA,NA,NA,NA,NA,NA,0.22690996530225,0.101160477791405,0.0257942025166222,NA,245,0.219926791084649,0.0997331606540005,0.0284084596014113,NA,245,0.241823263180671,0.100057373969056,0.0163993274765048,NA,245,NA,NA,NA,NA,NA,NA,NA,NA,NA,NA,NA,NA,NA,NA,NA,0.184036294371584,0.100167808288209,0.0669639369315216,NA,375,0.182515183435554,0.0940853886489793,0.0531674768249208,NA,375,0.19221339499486,0.0949800512950559,0.0437149491772996,NA,375,NA,NA,NA,NA,NA,NA,NA,NA,NA,NA,NA,NA,NA,NA,NA,0.478164854941001,0.14137008547576,0.00100177018422578,NA,110,0.519376306922035,0.144158258426136,0.000490422056344429,NA,110,0.53279026063202,0.14086667655384,0.000257540395028835,NA,110,NA,NA,NA,NA,NA,NA,NA,NA,NA,NA,NA,NA,NA,NA,NA,0.972460534716981,0.18055647982304,4.71566498481054e-07,NA,103,1.0502057137231,0.184063282763659,1.43026229775516e-07,NA,103,0.968003397201768,0.17359953444747,2.13549824861587e-07,NA,103,NA,NA,NA,NA,NA,NA,NA,NA,NA,NA,NA,NA,NA,NA,NA,0.931758239166667,0.181592598815628,1.50032938128263e-06,NA,98,0.977685273323442,0.186909089749901,1.11012428198939e-06,NA,98,0.940781643911622,0.178051044054703,8.16546347624335e-07,NA,98,NA,NA,NA,NA,NA,NA,NA,NA,NA,NA,NA,NA,NA,NA,NA
"D",NA,NA,NA,NA,NA,NA,NA,NA,NA,NA,NA,NA,NA,NA,NA,0.264155472814874,0.206160608225093,0.20031992578612,180.567871406689,1267,0.290064635644916,0.19342563272773,0.133964786155964,177.376207336318,1267,0.267284078462324,0.194468361890498,0.169550566424791,181.324001618825,1267,NA,NA,NA,NA,NA,NA,NA,NA,NA,NA,NA,NA,NA,NA,NA,0.564190950616777,0.372134046086248,0.130408113825939,39.5893628925137,348,0.537365914211018,0.369060139521701,0.146307355581322,38.6289420851048,348,0.56317037831436,0.361516023456901,0.120199684745485,40.4434935256393,348,NA,NA,NA,NA,NA,NA,NA,NA,NA,NA,NA,NA,NA,NA,NA,0.272519530096104,0.160956997327059,0.0908392010852269,242.955802151013,768,0.293147657034074,0.149803362530401,0.0507289190234925,243.734066631033,768,0.282676002995687,0.15276705259686,0.0646457196045313,247.87759965643,768,NA,NA,NA,NA,NA,NA,NA,NA,NA,NA,NA,NA,NA,NA,NA,0.644575804318379,0.2905738512822,0.027460324657133,45.2881767405732,245,0.622042793414473,0.287864921517661,0.0317109126128813,45.8649700236211,245,0.674537762829056,0.284494313156246,0.0185270946103351,47.6449724387355,245,NA,NA,NA,NA,NA,NA,NA,NA,NA,NA,NA,NA,NA,NA,NA,0.320606596344439,0.170769459492193,0.0612402507361928,176.006047203316,375,0.323210406116387,0.165036219327137,0.050946070452374,186.64451294248,375,0.334178108317973,0.163073408727098,0.0411405608546287,192.95826875758,375,NA,NA,NA,NA,NA,NA,NA,NA,NA,NA,NA,NA,NA,NA,NA,1.34293108196196,0.433664332929175,0.00249351144495907,15.4365577483015,110,1.43650430328254,0.451956101586861,0.00196571979503995,16.1220843032864,110,1.36073184178862,0.397770266751934,0.000887490662342739,18.6630777083132,110,NA,NA,NA,NA,NA,NA,NA,NA,NA,NA,NA,NA,NA,NA,NA,1.1008203404528,0.202109551167638,3.62515245713315e-07,358.903878761706,103,1.19262389430693,0.202627021614988,6.53284454096712e-08,318.211430020511,103,1.09579744711364,0.191262161915027,1.08860014165649e-07,354.747752273262,103,NA,NA,NA,NA,NA,NA,NA,NA,NA,NA,NA,NA,NA,NA,NA,1.06183275118708,0.204517181306776,1.16333752527623e-06,321.402646811055,98,1.10104238052631,0.205400354699785,6.47400770172818e-07,317.625451062129,98,1.07458082011344,0.19826272629364,4.58687103264929e-07,318.439896740357,98
"m_iq",NA,NA,NA,NA,NA,0.0252871503762175,0.00306332695697142,3.81441450419483e-16,NA,1267,0.0339987377445605,0.0027863228506977,1.87894970724335e-32,NA,1267,NA,NA,NA,NA,NA,0.025344266081833,0.00307758347195095,4.45895628233767e-16,177.376207336318,1267,0.0339394811308484,0.00279458220995161,3.52115005329622e-32,181.324001618825,1267,NA,NA,NA,NA,NA,0.0225673680732418,0.00589510889380791,0.000153746825574813,NA,348,0.023214270437278,0.00586150237222332,9.09432186204085e-05,NA,348,NA,NA,NA,NA,NA,0.0235762784591621,0.00609831161055995,0.000132588376149686,38.6289420851048,348,0.0242142456709129,0.00605867901599885,7.86426299414368e-05,40.4434935256393,348,NA,NA,NA,NA,NA,0.0248464658998218,0.00408783445403549,1.92730726635664e-09,NA,768,0.0350398923328536,0.00373140006452434,6.70303367756806e-20,NA,768,NA,NA,NA,NA,NA,0.0236449700880766,0.00412612636317917,1.445810873408e-08,243.734066631033,768,0.0335685797739292,0.00380296420481318,7.25874210696995e-18,247.87759965643,768,NA,NA,NA,NA,NA,0.0175886803355687,0.00653776391054459,0.0076484028342647,NA,245,0.0179302664928904,0.00652217746929433,0.00642805751520091,NA,245,NA,NA,NA,NA,NA,0.0160832927625375,0.00667723177750028,0.0167779664756027,45.8649700236211,245,0.0159707906214773,0.00666372888638943,0.0173074679635521,47.6449724387355,245,NA,NA,NA,NA,NA,0.0224363619386075,0.00601544213407543,0.000222281221256849,NA,375,0.034777037028775,0.0053324810774173,2.27741453813817e-10,NA,375,NA,NA,NA,NA,NA,0.020300123539417,0.00602897777690758,0.000840978657468414,186.64451294248,375,0.0314940600074836,0.00548184843358286,1.91597325890674e-08,192.95826875758,375,NA,NA,NA,NA,NA,0.021979174220203,0.00938601085944677,0.0211595538609626,NA,110,0.0234232413508606,0.00915942068371144,0.0119640692657221,NA,110,NA,NA,NA,NA,NA,0.0164350501219674,0.0105339799025915,0.121842137090338,16.1220843032864,110,0.0165541712058268,0.0100460828621824,0.102350095581965,18.6630777083132,110,NA,NA,NA,NA,NA,0.0264575289950457,0.00865529119678561,0.00293654496968252,NA,103,0.0246328484236951,0.00753335611128075,0.00148088839241205,NA,103,NA,NA,NA,NA,NA,0.0307533138147202,0.00846935118997758,0.000466138320787871,318.211430020511,103,0.0274275629730714,0.0073344107782922,0.000308891156975886,354.747752273262,103,NA,NA,NA,NA,NA,0.0209125931072825,0.00853840607011849,0.0162750712062122,NA,98,0.0205005257408011,0.00813387736481096,0.0134078197136359,NA,98,NA,NA,NA,NA,NA,0.0242331684036743,0.00835526844869127,0.00469539591805298,317.625451062129,98,0.0239278311054659,0.00795992455967635,0.00339412287720121,318.439896740357,98
"black",NA,NA,NA,NA,NA,-0.182955638112582,0.0582335789188179,0.00171866105727155,NA,1267,NA,NA,NA,NA,NA,NA,NA,NA,NA,NA,-0.190854932412812,0.0588351294772002,0.00121013398336684,177.376207336318,1267,NA,NA,NA,NA,NA,NA,NA,NA,NA,NA,NA,NA,NA,NA,NA,NA,NA,NA,NA,NA,NA,NA,NA,NA,NA,NA,NA,NA,NA,NA,NA,NA,NA,NA,NA,NA,NA,NA,NA,NA,-0.380467330165984,0.0736313485391662,3.0434997494892e-07,NA,768,NA,NA,NA,NA,NA,NA,NA,NA,NA,NA,-0.383628815087134,0.0737819150941679,2.5745792184112e-07,243.734066631033,768,NA,NA,NA,NA,NA,NA,NA,NA,NA,NA,NA,NA,NA,NA,NA,NA,NA,NA,NA,NA,NA,NA,NA,NA,NA,NA,NA,NA,NA,NA,NA,NA,NA,NA,NA,NA,NA,NA,NA,NA,-0.341722418289544,0.104118204108543,0.00113049606493712,NA,375,NA,NA,NA,NA,NA,NA,NA,NA,NA,NA,-0.339165178334457,0.103112403611023,0.00110273671138396,186.64451294248,375,NA,NA,NA,NA,NA,NA,NA,NA,NA,NA,NA,NA,NA,NA,NA,NA,NA,NA,NA,NA,NA,NA,NA,NA,NA,NA,NA,NA,NA,NA,NA,NA,NA,NA,NA,NA,NA,NA,NA,NA,-0.593301369560245,0.772226129689743,0.444298192889027,NA,103,NA,NA,NA,NA,NA,NA,NA,NA,NA,NA,-0.337514589631455,0.756044397580755,0.656353219699459,318.211430020511,103,NA,NA,NA,NA,NA,NA,NA,NA,NA,NA,NA,NA,NA,NA,NA,NA,NA,NA,NA,NA,NA,NA,NA,NA,NA,NA,NA,NA,NA,NA,NA,NA,NA,NA,NA
"sex",NA,NA,NA,NA,NA,-0.18812158750371,0.0523845665948158,0.00034191927959115,NA,1267,NA,NA,NA,NA,NA,NA,NA,NA,NA,NA,-0.18373424447799,0.0527017760284922,0.000506657641931368,177.376207336318,1267,NA,NA,NA,NA,NA,NA,NA,NA,NA,NA,-0.185210544345195,0.0906061881061667,0.0417133223015742,NA,348,NA,NA,NA,NA,NA,NA,NA,NA,NA,NA,-0.149528938515552,0.0969268824789945,0.123836924834583,38.6289420851048,348,NA,NA,NA,NA,NA,NA,NA,NA,NA,NA,-0.178341253422532,0.0673048361260176,0.00822335402557071,NA,768,NA,NA,NA,NA,NA,NA,NA,NA,NA,NA,-0.172214429365363,0.0674766498137208,0.0108998179588655,243.734066631033,768,NA,NA,NA,NA,NA,NA,NA,NA,NA,NA,-0.257083377499878,0.10050513079797,0.0111563914221631,NA,245,NA,NA,NA,NA,NA,NA,NA,NA,NA,NA,-0.201140339248974,0.10705280085201,0.061492202853853,45.8649700236211,245,NA,NA,NA,NA,NA,NA,NA,NA,NA,NA,-0.0897609044167657,0.0937244603532056,0.338846143435086,NA,375,NA,NA,NA,NA,NA,NA,NA,NA,NA,NA,-0.0722325839295007,0.0931739882514012,0.438700160452921,186.64451294248,375,NA,NA,NA,NA,NA,NA,NA,NA,NA,NA,-0.174013524345505,0.143274681899596,0.22737172662975,NA,110,NA,NA,NA,NA,NA,NA,NA,NA,NA,NA,0.0435149816910037,0.177487817296549,0.806820983884499,16.1220843032864,110,NA,NA,NA,NA,NA,NA,NA,NA,NA,NA,-0.0403984156457792,0.185663852408201,0.828236486129252,NA,103,NA,NA,NA,NA,NA,NA,NA,NA,NA,NA,-0.170453964822676,0.181278170236829,0.349558379632435,318.211430020511,103,NA,NA,NA,NA,NA,NA,NA,NA,NA,NA,0.0208396685808371,0.190029581168639,0.912921644886995,NA,98,NA,NA,NA,NA,NA,NA,NA,NA,NA,NA,-0.0904171614877254,0.185485021965464,0.627128545811072,317.625451062129,98,NA,NA,NA,NA,NA
"m_age",NA,NA,NA,NA,NA,-0.000943242999855939,0.0052527364147836,0.857517782412569,NA,1267,0.00803817489230401,0.0048854595480234,0.100151370662797,NA,1267,NA,NA,NA,NA,NA,-0.00211836145592183,0.00533235190484434,0.691238959748259,177.376207336318,1267,0.00654110216244663,0.00502393021947452,0.193157525492612,181.324001618825,1267,NA,NA,NA,NA,NA,0.00172003371309725,0.00893817696965375,0.847515336144922,NA,348,-0.000819933687243676,0.00846076536368242,0.922854216774088,NA,348,NA,NA,NA,NA,NA,-0.00275801722781419,0.00956033764244092,0.773151563868033,38.6289420851048,348,-0.00454774261845358,0.00893692359326148,0.611168760533083,40.4434935256393,348,NA,NA,NA,NA,NA,0.00118769723003127,0.00667099637788057,0.858740076646111,NA,768,0.00799514804332887,0.00616448508425877,0.195033282912649,NA,768,NA,NA,NA,NA,NA,-1.13005767366319e-05,0.00671716067056134,0.998658127932394,243.734066631033,768,0.0062963223698013,0.0062612537082372,0.314925970238566,247.87759965643,768,NA,NA,NA,NA,NA,0.00666356226255069,0.00987716410359015,0.500562787255469,NA,245,0.00548003585615587,0.00940407509697894,0.560619957818895,NA,245,NA,NA,NA,NA,NA,-0.00175127433952759,0.0106455221149096,0.869472003336291,45.8649700236211,245,-0.00204374037550693,0.00999604117536184,0.838170529510502,47.6449724387355,245,NA,NA,NA,NA,NA,-0.00639960001407905,0.00867394100217394,0.461115018093912,NA,375,-0.000141224032565065,0.00811932945508805,0.986131997920958,NA,375,NA,NA,NA,NA,NA,-0.00878999210967652,0.00865188210292802,0.310323674152007,186.64451294248,375,-0.00422976508312542,0.00828289158367334,0.609890869707356,192.95826875758,375,NA,NA,NA,NA,NA,-0.00142947144192324,0.0117359350098634,0.903297096051573,NA,110,0.000878576841013864,0.0110699814133664,0.936891388049702,NA,110,NA,NA,NA,NA,NA,-0.0205394871308648,0.0139824070246331,0.144953615623556,16.1220843032864,110,-0.0202582892822524,0.0130843401267295,0.12453419956373,18.6630777083132,110,NA,NA,NA,NA,NA,0.0260233967949917,0.0313990075812353,0.40938800318016,NA,103,0.0189260253764766,0.0178073479091077,0.290448751312352,NA,103,NA,NA,NA,NA,NA,0.0433903966154341,0.0305981220641539,0.159584615464544,318.211430020511,103,0.0216703085160098,0.0173791175804952,0.21537010249458,354.747752273262,103,NA,NA,NA,NA,NA,0.0114080351180193,0.0314273775769293,0.717468029157704,NA,98,0.0132922470716533,0.0181932396110089,0.466831701469102,NA,98,NA,NA,NA,NA,NA,0.0258073220727122,0.0307045452987159,0.402877736308467,317.625451062129,98,0.0163517516715203,0.0177897682103651,0.360361370752545,318.439896740357,98
"m_edu_2",NA,NA,NA,NA,NA,0.071044619857667,0.0672081686881293,0.290677091155819,NA,1267,NA,NA,NA,NA,NA,NA,NA,NA,NA,NA,0.063700450093804,0.0678075945304309,0.347691074820374,177.376207336318,1267,NA,NA,NA,NA,NA,NA,NA,NA,NA,NA,NA,NA,NA,NA,NA,NA,NA,NA,NA,NA,NA,NA,NA,NA,NA,NA,NA,NA,NA,NA,NA,NA,NA,NA,NA,NA,NA,NA,NA,NA,0.0105348856949281,0.0872803890605176,0.903959434945619,NA,768,NA,NA,NA,NA,NA,NA,NA,NA,NA,NA,-0.00226408347902129,0.0877545070161279,0.979423514070088,243.734066631033,768,NA,NA,NA,NA,NA,NA,NA,NA,NA,NA,NA,NA,NA,NA,NA,NA,NA,NA,NA,NA,NA,NA,NA,NA,NA,NA,NA,NA,NA,NA,NA,NA,NA,NA,NA,NA,NA,NA,NA,NA,0.120713380641289,0.116940086794889,0.302634352869734,NA,375,NA,NA,NA,NA,NA,NA,NA,NA,NA,NA,0.085431707895235,0.117676326445045,0.46831338701033,186.64451294248,375,NA,NA,NA,NA,NA,NA,NA,NA,NA,NA,NA,NA,NA,NA,NA,NA,NA,NA,NA,NA,NA,NA,NA,NA,NA,NA,NA,NA,NA,NA,NA,NA,NA,NA,NA,NA,NA,NA,NA,NA,-0.451558221855,0.223916191615397,0.0466807099164235,NA,103,NA,NA,NA,NA,NA,NA,NA,NA,NA,NA,-0.518970361290045,0.219401799455044,0.0201345223786224,318.211430020511,103,NA,NA,NA,NA,NA,NA,NA,NA,NA,NA,NA,NA,NA,NA,NA,NA,NA,NA,NA,NA,NA,NA,NA,NA,NA,NA,NA,NA,NA,NA,NA,NA,NA,NA,NA
"m_edu_3",NA,NA,NA,NA,NA,0.360697949214451,0.0769911532324401,3.10562426517584e-06,NA,1267,NA,NA,NA,NA,NA,NA,NA,NA,NA,NA,0.335562149546337,0.0795939307145572,2.66588776792303e-05,177.376207336318,1267,NA,NA,NA,NA,NA,NA,NA,NA,NA,NA,NA,NA,NA,NA,NA,NA,NA,NA,NA,NA,NA,NA,NA,NA,NA,NA,NA,NA,NA,NA,NA,NA,NA,NA,NA,NA,NA,NA,NA,NA,0.259939509186172,0.0987304386033137,0.00864082103861541,NA,768,NA,NA,NA,NA,NA,NA,NA,NA,NA,NA,0.230874587845441,0.100632645354246,0.0220505244219108,243.734066631033,768,NA,NA,NA,NA,NA,NA,NA,NA,NA,NA,NA,NA,NA,NA,NA,NA,NA,NA,NA,NA,NA,NA,NA,NA,NA,NA,NA,NA,NA,NA,NA,NA,NA,NA,NA,NA,NA,NA,NA,NA,0.391298637861844,0.132174331102707,0.00327353124303598,NA,375,NA,NA,NA,NA,NA,NA,NA,NA,NA,NA,0.334884969470349,0.135987821083002,0.0142566611275891,186.64451294248,375,NA,NA,NA,NA,NA,NA,NA,NA,NA,NA,NA,NA,NA,NA,NA,NA,NA,NA,NA,NA,NA,NA,NA,NA,NA,NA,NA,NA,NA,NA,NA,NA,NA,NA,NA,NA,NA,NA,NA,NA,0.140592947669905,0.503950080683695,0.7808917492735,NA,103,NA,NA,NA,NA,NA,NA,NA,NA,NA,NA,0.0805434732005478,0.48863092515255,0.869439470125686,318.211430020511,103,NA,NA,NA,NA,NA,NA,NA,NA,NA,NA,NA,NA,NA,NA,NA,NA,NA,NA,NA,NA,NA,NA,NA,NA,NA,NA,NA,NA,NA,NA,NA,NA,NA,NA,NA
"sibling",NA,NA,NA,NA,NA,-0.0459759032195499,0.025021931769562,0.0663835992671304,NA,1267,NA,NA,NA,NA,NA,NA,NA,NA,NA,NA,-0.0491992751543904,0.0252354619633601,0.0514452481125837,177.376207336318,1267,NA,NA,NA,NA,NA,NA,NA,NA,NA,NA,-0.0479709697379826,0.0387279584499617,0.216326553954288,NA,348,NA,NA,NA,NA,NA,NA,NA,NA,NA,NA,-0.0543452244598317,0.0399383430617051,0.174503600461477,38.6289420851048,348,NA,NA,NA,NA,NA,NA,NA,NA,NA,NA,-0.0244241908814037,0.031097720472626,0.432464370871672,NA,768,NA,NA,NA,NA,NA,NA,NA,NA,NA,NA,-0.0242281907513047,0.0311473582292751,0.436896675202163,243.734066631033,768,NA,NA,NA,NA,NA,NA,NA,NA,NA,NA,-0.0076406923653099,0.0409907424148924,0.852290876217544,NA,245,NA,NA,NA,NA,NA,NA,NA,NA,NA,NA,-0.00786513483747592,0.0418309985025003,0.851021218038218,45.8649700236211,245,NA,NA,NA,NA,NA,NA,NA,NA,NA,NA,-0.0141138835768388,0.0520860109704225,0.786566096984259,NA,375,NA,NA,NA,NA,NA,NA,NA,NA,NA,NA,-0.0296038250041902,0.0526379091458322,0.574187224873779,186.64451294248,375,NA,NA,NA,NA,NA,NA,NA,NA,NA,NA,0.0628300989652263,0.0849294447599946,0.461142491886649,NA,110,NA,NA,NA,NA,NA,NA,NA,NA,NA,NA,-0.092964223198412,0.112153522825283,0.409114776819054,16.1220843032864,110,NA,NA,NA,NA,NA,NA,NA,NA,NA,NA,-0.0391824331749104,0.140675988084292,0.781237745529049,NA,103,NA,NA,NA,NA,NA,NA,NA,NA,NA,NA,-0.11986256809159,0.136627960227906,0.382638482404885,318.211430020511,103,NA,NA,NA,NA,NA,NA,NA,NA,NA,NA,0.0262668063105868,0.141188138976639,0.85283585368167,NA,98,NA,NA,NA,NA,NA,NA,NA,NA,NA,NA,-0.0406384086430719,0.137616093171735,0.768450442913221,317.625451062129,98,NA,NA,NA,NA,NA
"gestage",NA,NA,NA,NA,NA,0.0446640428206258,0.0145634102904444,0.00220942169843575,NA,1267,NA,NA,NA,NA,NA,NA,NA,NA,NA,NA,0.0428859926862536,0.0146511874840735,0.00348266518625516,177.376207336318,1267,NA,NA,NA,NA,NA,NA,NA,NA,NA,NA,0.0294566057820151,0.0261614783243071,0.260981703222687,NA,348,NA,NA,NA,NA,NA,NA,NA,NA,NA,NA,0.0247700128154858,0.0272086180376081,0.36327225078869,38.6289420851048,348,NA,NA,NA,NA,NA,NA,NA,NA,NA,NA,0.061102887585992,0.017882301458972,0.00066713689224543,NA,768,NA,NA,NA,NA,NA,NA,NA,NA,NA,NA,0.0587188741172763,0.0179555136132326,0.00112323737271154,243.734066631033,768,NA,NA,NA,NA,NA,NA,NA,NA,NA,NA,0.0472705849342042,0.0273741456726167,0.0855061199045845,NA,245,NA,NA,NA,NA,NA,NA,NA,NA,NA,NA,0.0362913823228175,0.0285133568516717,0.204346668612814,45.8649700236211,245,NA,NA,NA,NA,NA,NA,NA,NA,NA,NA,0.0286030884113746,0.0266297150065761,0.283489448542588,NA,375,NA,NA,NA,NA,NA,NA,NA,NA,NA,NA,0.0245762593308058,0.0265304328117457,0.35488363063679,186.64451294248,375,NA,NA,NA,NA,NA,NA,NA,NA,NA,NA,0.00509037757473497,0.0432639854433192,0.906571881970026,NA,110,NA,NA,NA,NA,NA,NA,NA,NA,NA,NA,-0.0459823500638735,0.0527630734133521,0.38555498465863,16.1220843032864,110,NA,NA,NA,NA,NA,NA,NA,NA,NA,NA,0.0246160080010838,0.0370873406916597,0.508540759830542,NA,103,NA,NA,NA,NA,NA,NA,NA,NA,NA,NA,0.019934470753338,0.0358248928658514,0.579274610734299,318.211430020511,103,NA,NA,NA,NA,NA,NA,NA,NA,NA,NA,0.022792863197242,0.0378920485814217,0.549022183287186,NA,98,NA,NA,NA,NA,NA,NA,NA,NA,NA,NA,0.0176706528471635,0.0368356440768496,0.632606056162258,317.625451062129,98,NA,NA,NA,NA,NA
"mf",NA,NA,NA,NA,NA,0.0776300790912927,0.0686990100420589,0.258690931269201,NA,1267,NA,NA,NA,NA,NA,NA,NA,NA,NA,NA,0.0923814462989803,0.0700560462228766,0.18751698796958,177.376207336318,1267,NA,NA,NA,NA,NA,NA,NA,NA,NA,NA,-0.0861264497273952,0.199357629803883,0.666001654207382,NA,348,NA,NA,NA,NA,NA,NA,NA,NA,NA,NA,-0.0357722874835505,0.206737219183801,0.862729034446936,38.6289420851048,348,NA,NA,NA,NA,NA,NA,NA,NA,NA,NA,0.00888852622912454,0.0913402810134799,0.922504238056106,NA,768,NA,NA,NA,NA,NA,NA,NA,NA,NA,NA,0.0203789999471408,0.091863411693642,0.824498174548852,243.734066631033,768,NA,NA,NA,NA,NA,NA,NA,NA,NA,NA,0.0254301908962527,0.220010842369031,0.908078883798289,NA,245,NA,NA,NA,NA,NA,NA,NA,NA,NA,NA,0.111859088653154,0.226783630430526,0.622300641987019,45.8649700236211,245,NA,NA,NA,NA,NA,NA,NA,NA,NA,NA,-0.0141763811646715,0.123047791050955,0.908342084435322,NA,375,NA,NA,NA,NA,NA,NA,NA,NA,NA,NA,-0.0196697527472484,0.121773509957968,0.871767933774912,186.64451294248,375,NA,NA,NA,NA,NA,NA,NA,NA,NA,NA,0.0587150300924842,0.285565539221189,0.837509691047148,NA,110,NA,NA,NA,NA,NA,NA,NA,NA,NA,NA,0.00785497565052086,0.323445320408052,0.980672932951967,16.1220843032864,110,NA,NA,NA,NA,NA,NA,NA,NA,NA,NA,0.141298723197011,0.235313087024361,0.549684838665341,NA,103,NA,NA,NA,NA,NA,NA,NA,NA,NA,NA,0.181949919907779,0.229255466745435,0.429460519916004,318.211430020511,103,NA,NA,NA,NA,NA,NA,NA,NA,NA,NA,0.0319007496281949,0.245839699496924,0.897047236334113,NA,98,NA,NA,NA,NA,NA,NA,NA,NA,NA,NA,0.059817352573477,0.240625794701388,0.804250076286556,317.625451062129,98,NA,NA,NA,NA,NA
"poverty",NA,NA,NA,NA,NA,-0.0705148245760847,0.0837631994687562,0.400040490851831,NA,1267,NA,NA,NA,NA,NA,NA,NA,NA,NA,NA,-0.0764032670635434,0.0843371140307432,0.36514839261046,177.376207336318,1267,NA,NA,NA,NA,NA,NA,NA,NA,NA,NA,-0.0435462409246155,0.172443877661289,0.80078900537544,NA,348,NA,NA,NA,NA,NA,NA,NA,NA,NA,NA,-0.0916060906301207,0.182523321843241,0.61607278266245,38.6289420851048,348,NA,NA,NA,NA,NA,NA,NA,NA,NA,NA,-0.032742203739728,0.104459610407783,0.754030068208026,NA,768,NA,NA,NA,NA,NA,NA,NA,NA,NA,NA,-0.0263452556588999,0.104558029926329,0.801134442714742,243.734066631033,768,NA,NA,NA,NA,NA,NA,NA,NA,NA,NA,0.113021226352383,0.177177959335474,0.524159400565177,NA,245,NA,NA,NA,NA,NA,NA,NA,NA,NA,NA,0.0812255465121935,0.182473495640238,0.656629387245974,45.8649700236211,245,NA,NA,NA,NA,NA,NA,NA,NA,NA,NA,0.00481812859340284,0.144803855940852,0.973474787606622,NA,375,NA,NA,NA,NA,NA,NA,NA,NA,NA,NA,0.00498261289399951,0.143430938204708,0.972307147910188,186.64451294248,375,NA,NA,NA,NA,NA,NA,NA,NA,NA,NA,0.082674831577552,0.239842584885732,0.731033243148975,NA,110,NA,NA,NA,NA,NA,NA,NA,NA,NA,NA,-0.0381215208833063,0.276731222929094,0.890707135615135,16.1220843032864,110,NA,NA,NA,NA,NA,NA,NA,NA,NA,NA,-0.194028848732579,0.325654447104825,0.552779829396407,NA,103,NA,NA,NA,NA,NA,NA,NA,NA,NA,NA,-0.0989454203924856,0.314854088893032,0.754044417527037,318.211430020511,103,NA,NA,NA,NA,NA,NA,NA,NA,NA,NA,-0.304209989040295,0.326806593656799,0.354446019585621,NA,98,NA,NA,NA,NA,NA,NA,NA,NA,NA,NA,-0.233686860959313,0.31763066434012,0.463836375464762,317.625451062129,98,NA,NA,NA,NA,NA
"Constant",-0.0300104754275507,0.0413007130815069,0.467585027151978,NA,1267,-3.98691298866376,0.64376555662575,7.97914576750529e-10,NA,1267,-3.28857759062779,0.257763631720719,3.74839816550426e-35,NA,1267,-0.0406476085610353,0.047742234627088,0.39470984219407,180.567871406689,1267,-3.89783856293536,0.645713108421646,2.07079630855411e-09,177.376207336318,1267,-3.26098915550817,0.257066850407688,8.55560885915063e-35,181.324001618825,1267,-0.354575120863233,0.0661848987649555,1.54424702619459e-07,NA,348,-3.31964290375266,1.1879783545936,0.00549602726186457,NA,348,-2.3162673352239,0.526144098671878,1.4311860670675e-05,NA,348,-0.388562527526894,0.0856950474203435,7.97837910208559e-06,39.5893628925137,348,-3.17314829989917,1.2234347643003,0.00990840983300157,38.6289420851048,348,-2.35917680428387,0.544165383072944,1.91325659304142e-05,40.4434935256393,348,-0.1534844077224,0.0531683078844075,0.00400178620526185,NA,768,-4.60245171312526,0.81389729173121,2.21229574007505e-08,NA,768,-3.46255472266223,0.334838421596254,1.50902971426267e-23,NA,768,-0.171502227894043,0.0610467524368071,0.00509052757468698,242.955802151013,768,-4.38760222216613,0.817446670673422,1.06312956954378e-07,243.734066631033,768,-3.31239526320458,0.335575951570263,1.03841032206382e-21,247.87759965643,768,-0.590136516120376,0.0731194329169641,3.22292397315456e-14,NA,245,-3.93811723506502,1.25775891430389,0.0019616085003859,NA,245,-2.21539146749957,0.573125406867077,0.00014263882264576,NA,245,-0.645228465207417,0.0934765624083649,4.41810331888236e-11,45.2881767405732,245,-3.29199992617319,1.30395201495045,0.0122388273512813,45.8649700236211,245,-1.954684172129,0.578714501384442,0.000852368095807396,47.6449724387355,245,-0.242531230635508,0.0765481316119589,0.00165954384747028,NA,375,-3.17141016031555,1.19220639750199,0.00815775323617634,NA,375,-3.33280714811363,0.481302497210925,1.93611694785855e-11,NA,375,-0.289800151891419,0.0955421752623814,0.00258898316194601,176.006047203316,375,-2.78744044764686,1.19232974064467,0.0199397305031537,186.64451294248,375,-2.99848132283318,0.482739743383477,1.40980443689818e-09,192.95826875758,375,-0.809954011135481,0.109504797339908,3.17804093379388e-11,NA,110,-2.80959944355519,1.89865413347306,0.14204318558868,NA,110,-2.81918717547772,0.80684052395832,0.000695389284389469,NA,110,-1.08464445971861,0.196494946038175,2.35296041942795e-07,15.4365577483015,110,-0.191783675162264,2.26762955281414,0.932767073208978,16.1220843032864,110,-2.03946021102411,0.859124457386417,0.0194021612240938,18.6630777083132,110,-0.53365878,0.129518677572101,7.76012674984311e-05,NA,103,-3.54663967207747,1.90593000567588,0.0659951701241075,NA,103,-2.97367851345937,0.765931099111487,0.000186684040276995,NA,103,-0.599708000427168,0.137033689754427,2.94592191708822e-05,358.903878761706,103,-4.27885549986104,1.88424306499295,0.0255142969663876,318.211430020511,103,-3.32833032453146,0.756185689086981,2.71798060100058e-05,354.747752273262,103,-0.556703479166667,0.12970899915402,4.23054519622424e-05,NA,98,-3.44904045073818,1.66313568949674,0.0409857591541566,NA,98,-2.53147940929447,0.82414959019751,0.00278450694691736,NA,98,-0.623068026115859,0.137609760727321,1.71166194792061e-05,321.402646811055,98,-3.79124104155382,1.63673933273966,0.0228369209385437,317.625451062129,98,-2.94556706229596,0.818509166858567,0.000512632011712622,318.439896740357,98
