"variable","coefficient.x","se.x","p_value.x","F_stat.x","N.x","coefficient.y","se.y","p_value.y","F_stat.y","N.y","coefficient.x.x","se.x.x","p_value.x.x","F_stat.x.x","N.x.x","coefficient.y.y","se.y.y","p_value.y.y","F_stat.y.y","N.y.y","coefficient.x.x.x","se.x.x.x","p_value.x.x.x","F_stat.x.x.x","N.x.x.x","coefficient.y.y.y","se.y.y.y","p_value.y.y.y","F_stat.y.y.y","N.y.y.y","coefficient.x.x.x.x","se.x.x.x.x","p_value.x.x.x.x","F_stat.x.x.x.x","N.x.x.x.x","coefficient.y.y.y.y","se.y.y.y.y","p_value.y.y.y.y","F_stat.y.y.y.y","N.y.y.y.y","coefficient.x.x.x.x.x","se.x.x.x.x.x","p_value.x.x.x.x.x","F_stat.x.x.x.x.x","N.x.x.x.x.x","coefficient.y.y.y.y.y","se.y.y.y.y.y","p_value.y.y.y.y.y","F_stat.y.y.y.y.y","N.y.y.y.y.y","coefficient.x.x.x.x.x.x","se.x.x.x.x.x.x","p_value.x.x.x.x.x.x","F_stat.x.x.x.x.x.x","N.x.x.x.x.x.x","coefficient.y.y.y.y.y.y","se.y.y.y.y.y.y","p_value.y.y.y.y.y.y","F_stat.y.y.y.y.y.y","N.y.y.y.y.y.y","coefficient.x.x.x.x.x.x.x","se.x.x.x.x.x.x.x","p_value.x.x.x.x.x.x.x","F_stat.x.x.x.x.x.x.x","N.x.x.x.x.x.x.x","coefficient.y.y.y.y.y.y.y","se.y.y.y.y.y.y.y","p_value.y.y.y.y.y.y.y","F_stat.y.y.y.y.y.y.y","N.y.y.y.y.y.y.y","coefficient.x.x.x.x.x.x.x.x","se.x.x.x.x.x.x.x.x","p_value.x.x.x.x.x.x.x.x","F_stat.x.x.x.x.x.x.x.x","N.x.x.x.x.x.x.x.x","coefficient.y.y.y.y.y.y.y.y","se.y.y.y.y.y.y.y.y","p_value.y.y.y.y.y.y.y.y","F_stat.y.y.y.y.y.y.y.y","N.y.y.y.y.y.y.y.y","coefficient.x.x.x.x.x.x.x.x.x","se.x.x.x.x.x.x.x.x.x","p_value.x.x.x.x.x.x.x.x.x","F_stat.x.x.x.x.x.x.x.x.x","N.x.x.x.x.x.x.x.x.x","coefficient.y.y.y.y.y.y.y.y.y","se.y.y.y.y.y.y.y.y.y","p_value.y.y.y.y.y.y.y.y.y","F_stat.y.y.y.y.y.y.y.y.y","N.y.y.y.y.y.y.y.y.y","coefficient.x.x.x.x.x.x.x.x.x.x","se.x.x.x.x.x.x.x.x.x.x","p_value.x.x.x.x.x.x.x.x.x.x","F_stat.x.x.x.x.x.x.x.x.x.x","N.x.x.x.x.x.x.x.x.x.x","coefficient.y.y.y.y.y.y.y.y.y.y","se.y.y.y.y.y.y.y.y.y.y","p_value.y.y.y.y.y.y.y.y.y.y","F_stat.y.y.y.y.y.y.y.y.y.y","N.y.y.y.y.y.y.y.y.y.y","coefficient.x.x.x.x.x.x.x.x.x.x.x","se.x.x.x.x.x.x.x.x.x.x.x","p_value.x.x.x.x.x.x.x.x.x.x.x","F_stat.x.x.x.x.x.x.x.x.x.x.x","N.x.x.x.x.x.x.x.x.x.x.x","coefficient.y.y.y.y.y.y.y.y.y.y.y","se.y.y.y.y.y.y.y.y.y.y.y","p_value.y.y.y.y.y.y.y.y.y.y.y","F_stat.y.y.y.y.y.y.y.y.y.y.y","N.y.y.y.y.y.y.y.y.y.y.y","coefficient.x.x.x.x.x.x.x.x.x.x.x.x","se.x.x.x.x.x.x.x.x.x.x.x.x","p_value.x.x.x.x.x.x.x.x.x.x.x.x","F_stat.x.x.x.x.x.x.x.x.x.x.x.x","N.x.x.x.x.x.x.x.x.x.x.x.x","coefficient.y.y.y.y.y.y.y.y.y.y.y.y","se.y.y.y.y.y.y.y.y.y.y.y.y","p_value.y.y.y.y.y.y.y.y.y.y.y.y","F_stat.y.y.y.y.y.y.y.y.y.y.y.y","N.y.y.y.y.y.y.y.y.y.y.y.y","coefficient.x.x.x.x.x.x.x.x.x.x.x.x.x","se.x.x.x.x.x.x.x.x.x.x.x.x.x","p_value.x.x.x.x.x.x.x.x.x.x.x.x.x","F_stat.x.x.x.x.x.x.x.x.x.x.x.x.x","N.x.x.x.x.x.x.x.x.x.x.x.x.x","coefficient.y.y.y.y.y.y.y.y.y.y.y.y.y","se.y.y.y.y.y.y.y.y.y.y.y.y.y","p_value.y.y.y.y.y.y.y.y.y.y.y.y.y","F_stat.y.y.y.y.y.y.y.y.y.y.y.y.y","N.y.y.y.y.y.y.y.y.y.y.y.y.y","coefficient.x.x.x.x.x.x.x.x.x.x.x.x.x.x","se.x.x.x.x.x.x.x.x.x.x.x.x.x.x","p_value.x.x.x.x.x.x.x.x.x.x.x.x.x.x","F_stat.x.x.x.x.x.x.x.x.x.x.x.x.x.x","N.x.x.x.x.x.x.x.x.x.x.x.x.x.x","coefficient.y.y.y.y.y.y.y.y.y.y.y.y.y.y","se.y.y.y.y.y.y.y.y.y.y.y.y.y.y","p_value.y.y.y.y.y.y.y.y.y.y.y.y.y.y","F_stat.y.y.y.y.y.y.y.y.y.y.y.y.y.y","N.y.y.y.y.y.y.y.y.y.y.y.y.y.y","coefficient.x.x.x.x.x.x.x.x.x.x.x.x.x.x.x","se.x.x.x.x.x.x.x.x.x.x.x.x.x.x.x","p_value.x.x.x.x.x.x.x.x.x.x.x.x.x.x.x","F_stat.x.x.x.x.x.x.x.x.x.x.x.x.x.x.x","N.x.x.x.x.x.x.x.x.x.x.x.x.x.x.x","coefficient.y.y.y.y.y.y.y.y.y.y.y.y.y.y.y","se.y.y.y.y.y.y.y.y.y.y.y.y.y.y.y","p_value.y.y.y.y.y.y.y.y.y.y.y.y.y.y.y","F_stat.y.y.y.y.y.y.y.y.y.y.y.y.y.y.y","N.y.y.y.y.y.y.y.y.y.y.y.y.y.y.y","coefficient.x.x.x.x.x.x.x.x.x.x.x.x.x.x.x.x","se.x.x.x.x.x.x.x.x.x.x.x.x.x.x.x.x","p_value.x.x.x.x.x.x.x.x.x.x.x.x.x.x.x.x","F_stat.x.x.x.x.x.x.x.x.x.x.x.x.x.x.x.x","N.x.x.x.x.x.x.x.x.x.x.x.x.x.x.x.x","coefficient.y.y.y.y.y.y.y.y.y.y.y.y.y.y.y.y","se.y.y.y.y.y.y.y.y.y.y.y.y.y.y.y.y","p_value.y.y.y.y.y.y.y.y.y.y.y.y.y.y.y.y","F_stat.y.y.y.y.y.y.y.y.y.y.y.y.y.y.y.y","N.y.y.y.y.y.y.y.y.y.y.y.y.y.y.y.y","coefficient.x.x.x.x.x.x.x.x.x.x.x.x.x.x.x.x.x","se.x.x.x.x.x.x.x.x.x.x.x.x.x.x.x.x.x","p_value.x.x.x.x.x.x.x.x.x.x.x.x.x.x.x.x.x","F_stat.x.x.x.x.x.x.x.x.x.x.x.x.x.x.x.x.x","N.x.x.x.x.x.x.x.x.x.x.x.x.x.x.x.x.x","coefficient.y.y.y.y.y.y.y.y.y.y.y.y.y.y.y.y.y","se.y.y.y.y.y.y.y.y.y.y.y.y.y.y.y.y.y","p_value.y.y.y.y.y.y.y.y.y.y.y.y.y.y.y.y.y","F_stat.y.y.y.y.y.y.y.y.y.y.y.y.y.y.y.y.y","N.y.y.y.y.y.y.y.y.y.y.y.y.y.y.y.y.y","coefficient.x.x.x.x.x.x.x.x.x.x.x.x.x.x.x.x.x.x","se.x.x.x.x.x.x.x.x.x.x.x.x.x.x.x.x.x.x","p_value.x.x.x.x.x.x.x.x.x.x.x.x.x.x.x.x.x.x","F_stat.x.x.x.x.x.x.x.x.x.x.x.x.x.x.x.x.x.x","N.x.x.x.x.x.x.x.x.x.x.x.x.x.x.x.x.x.x","coefficient.y.y.y.y.y.y.y.y.y.y.y.y.y.y.y.y.y.y","se.y.y.y.y.y.y.y.y.y.y.y.y.y.y.y.y.y.y","p_value.y.y.y.y.y.y.y.y.y.y.y.y.y.y.y.y.y.y","F_stat.y.y.y.y.y.y.y.y.y.y.y.y.y.y.y.y.y.y","N.y.y.y.y.y.y.y.y.y.y.y.y.y.y.y.y.y.y","coefficient.x.x.x.x.x.x.x.x.x.x.x.x.x.x.x.x.x.x.x","se.x.x.x.x.x.x.x.x.x.x.x.x.x.x.x.x.x.x.x","p_value.x.x.x.x.x.x.x.x.x.x.x.x.x.x.x.x.x.x.x","F_stat.x.x.x.x.x.x.x.x.x.x.x.x.x.x.x.x.x.x.x","N.x.x.x.x.x.x.x.x.x.x.x.x.x.x.x.x.x.x.x","coefficient.y.y.y.y.y.y.y.y.y.y.y.y.y.y.y.y.y.y.y","se.y.y.y.y.y.y.y.y.y.y.y.y.y.y.y.y.y.y.y","p_value.y.y.y.y.y.y.y.y.y.y.y.y.y.y.y.y.y.y.y","F_stat.y.y.y.y.y.y.y.y.y.y.y.y.y.y.y.y.y.y.y","N.y.y.y.y.y.y.y.y.y.y.y.y.y.y.y.y.y.y.y","coefficient.x.x.x.x.x.x.x.x.x.x.x.x.x.x.x.x.x.x.x.x","se.x.x.x.x.x.x.x.x.x.x.x.x.x.x.x.x.x.x.x.x","p_value.x.x.x.x.x.x.x.x.x.x.x.x.x.x.x.x.x.x.x.x","F_stat.x.x.x.x.x.x.x.x.x.x.x.x.x.x.x.x.x.x.x.x","N.x.x.x.x.x.x.x.x.x.x.x.x.x.x.x.x.x.x.x.x","coefficient.y.y.y.y.y.y.y.y.y.y.y.y.y.y.y.y.y.y.y.y","se.y.y.y.y.y.y.y.y.y.y.y.y.y.y.y.y.y.y.y.y","p_value.y.y.y.y.y.y.y.y.y.y.y.y.y.y.y.y.y.y.y.y","F_stat.y.y.y.y.y.y.y.y.y.y.y.y.y.y.y.y.y.y.y.y","N.y.y.y.y.y.y.y.y.y.y.y.y.y.y.y.y.y.y.y.y","coefficient.x.x.x.x.x.x.x.x.x.x.x.x.x.x.x.x.x.x.x.x.x","se.x.x.x.x.x.x.x.x.x.x.x.x.x.x.x.x.x.x.x.x.x","p_value.x.x.x.x.x.x.x.x.x.x.x.x.x.x.x.x.x.x.x.x.x","F_stat.x.x.x.x.x.x.x.x.x.x.x.x.x.x.x.x.x.x.x.x.x","N.x.x.x.x.x.x.x.x.x.x.x.x.x.x.x.x.x.x.x.x.x","coefficient.y.y.y.y.y.y.y.y.y.y.y.y.y.y.y.y.y.y.y.y.y","se.y.y.y.y.y.y.y.y.y.y.y.y.y.y.y.y.y.y.y.y.y","p_value.y.y.y.y.y.y.y.y.y.y.y.y.y.y.y.y.y.y.y.y.y","F_stat.y.y.y.y.y.y.y.y.y.y.y.y.y.y.y.y.y.y.y.y.y","N.y.y.y.y.y.y.y.y.y.y.y.y.y.y.y.y.y.y.y.y.y","coefficient.x.x.x.x.x.x.x.x.x.x.x.x.x.x.x.x.x.x.x.x.x.x","se.x.x.x.x.x.x.x.x.x.x.x.x.x.x.x.x.x.x.x.x.x.x","p_value.x.x.x.x.x.x.x.x.x.x.x.x.x.x.x.x.x.x.x.x.x.x","F_stat.x.x.x.x.x.x.x.x.x.x.x.x.x.x.x.x.x.x.x.x.x.x","N.x.x.x.x.x.x.x.x.x.x.x.x.x.x.x.x.x.x.x.x.x.x","coefficient.y.y.y.y.y.y.y.y.y.y.y.y.y.y.y.y.y.y.y.y.y.y","se.y.y.y.y.y.y.y.y.y.y.y.y.y.y.y.y.y.y.y.y.y.y","p_value.y.y.y.y.y.y.y.y.y.y.y.y.y.y.y.y.y.y.y.y.y.y","F_stat.y.y.y.y.y.y.y.y.y.y.y.y.y.y.y.y.y.y.y.y.y.y","N.y.y.y.y.y.y.y.y.y.y.y.y.y.y.y.y.y.y.y.y.y.y","coefficient.x.x.x.x.x.x.x.x.x.x.x.x.x.x.x.x.x.x.x.x.x.x.x","se.x.x.x.x.x.x.x.x.x.x.x.x.x.x.x.x.x.x.x.x.x.x.x","p_value.x.x.x.x.x.x.x.x.x.x.x.x.x.x.x.x.x.x.x.x.x.x.x","F_stat.x.x.x.x.x.x.x.x.x.x.x.x.x.x.x.x.x.x.x.x.x.x.x","N.x.x.x.x.x.x.x.x.x.x.x.x.x.x.x.x.x.x.x.x.x.x.x","coefficient.y.y.y.y.y.y.y.y.y.y.y.y.y.y.y.y.y.y.y.y.y.y.y","se.y.y.y.y.y.y.y.y.y.y.y.y.y.y.y.y.y.y.y.y.y.y.y","p_value.y.y.y.y.y.y.y.y.y.y.y.y.y.y.y.y.y.y.y.y.y.y.y","F_stat.y.y.y.y.y.y.y.y.y.y.y.y.y.y.y.y.y.y.y.y.y.y.y","N.y.y.y.y.y.y.y.y.y.y.y.y.y.y.y.y.y.y.y.y.y.y.y","coefficient.x.x.x.x.x.x.x.x.x.x.x.x.x.x.x.x.x.x.x.x.x.x.x.x","se.x.x.x.x.x.x.x.x.x.x.x.x.x.x.x.x.x.x.x.x.x.x.x.x","p_value.x.x.x.x.x.x.x.x.x.x.x.x.x.x.x.x.x.x.x.x.x.x.x.x","F_stat.x.x.x.x.x.x.x.x.x.x.x.x.x.x.x.x.x.x.x.x.x.x.x.x","N.x.x.x.x.x.x.x.x.x.x.x.x.x.x.x.x.x.x.x.x.x.x.x.x","coefficient.y.y.y.y.y.y.y.y.y.y.y.y.y.y.y.y.y.y.y.y.y.y.y.y","se.y.y.y.y.y.y.y.y.y.y.y.y.y.y.y.y.y.y.y.y.y.y.y.y","p_value.y.y.y.y.y.y.y.y.y.y.y.y.y.y.y.y.y.y.y.y.y.y.y.y","F_stat.y.y.y.y.y.y.y.y.y.y.y.y.y.y.y.y.y.y.y.y.y.y.y.y","N.y.y.y.y.y.y.y.y.y.y.y.y.y.y.y.y.y.y.y.y.y.y.y.y"
"R",0.0728218240002761,0.0567524477385793,0.199675044976949,NA,1267,0.0779912279705072,0.0523292937442534,0.13637193319455,NA,1267,0.0740437030185871,0.0533912941803491,0.165743715967374,NA,1267,NA,NA,NA,NA,NA,NA,NA,NA,NA,NA,NA,NA,NA,NA,NA,0.142709759188846,0.0915193310191637,0.119830082928766,NA,348,0.13318282066547,0.0896392828727667,0.138268171418231,NA,348,0.14396163040562,0.0897898225079507,0.10978221608384,NA,348,NA,NA,NA,NA,NA,NA,NA,NA,NA,NA,NA,NA,NA,NA,NA,0.123288602841152,0.0732159896826092,0.0926078870193603,NA,768,0.131079766823656,0.0670560567016547,0.0509768670677106,NA,768,0.128141981932685,0.068928302046594,0.0634026493024461,NA,768,NA,NA,NA,NA,NA,NA,NA,NA,NA,NA,NA,NA,NA,NA,NA,0.22690996530225,0.101160477791405,0.0257942025166221,NA,245,0.225082587046334,0.0993089409317199,0.0243237411847959,NA,245,0.242397814865418,0.100020441526283,0.0161098792531245,NA,245,NA,NA,NA,NA,NA,NA,NA,NA,NA,NA,NA,NA,NA,NA,NA,0.184036294371582,0.100167808288208,0.0669639369315227,NA,375,0.183252008620621,0.093902805998685,0.0517633855007532,NA,375,0.193061383117908,0.0949531127671288,0.0427408195849808,NA,375,NA,NA,NA,NA,NA,NA,NA,NA,NA,NA,NA,NA,NA,NA,NA,0.478164854941002,0.141370085475761,0.00100177018422577,NA,110,0.52338984696634,0.143274488756762,0.000411213094023742,NA,110,0.533817163890699,0.140805668367654,0.000249524006396455,NA,110,NA,NA,NA,NA,NA,NA,NA,NA,NA,NA,NA,NA,NA,NA,NA,0.972460534716981,0.18055647982304,4.71566498481054e-07,NA,103,1.04173577937913,0.182870194651254,1.45478941290774e-07,NA,103,0.968003397201768,0.17359953444747,2.13549824861587e-07,NA,103,NA,NA,NA,NA,NA,NA,NA,NA,NA,NA,NA,NA,NA,NA,NA,0.931758239166668,0.181592598815628,1.50032938128263e-06,NA,98,0.957315071162565,0.185486714728753,1.45497316446073e-06,NA,98,0.940781643911623,0.178051044054704,8.1654634762433e-07,NA,98,NA,NA,NA,NA,NA,NA,NA,NA,NA,NA,NA,NA,NA,NA,NA
"D",NA,NA,NA,NA,NA,NA,NA,NA,NA,NA,NA,NA,NA,NA,NA,0.264155472814874,0.206160608225093,0.200319925786121,180.567871406703,1267,0.286454046385216,0.193055630100564,0.138115485996932,178.005618941635,1267,0.268826444477324,0.194411315113798,0.166979335310802,181.3238253395,1267,NA,NA,NA,NA,NA,NA,NA,NA,NA,NA,NA,NA,NA,NA,NA,0.564190950616778,0.372134046086247,0.130408113825937,39.5893628925149,348,0.52446276093092,0.362246005625783,0.148592137594944,39.8480765293824,348,0.563946554417014,0.361482376143343,0.119657099717315,40.436138765463,348,NA,NA,NA,NA,NA,NA,NA,NA,NA,NA,NA,NA,NA,NA,NA,0.272519530096096,0.160956997327058,0.0908392010852346,242.955802151012,768,0.292200039940413,0.149734283800071,0.0513711524055736,243.780839797167,768,0.283745586653542,0.152669439816723,0.0634736590858883,247.924688781948,768,NA,NA,NA,NA,NA,NA,NA,NA,NA,NA,NA,NA,NA,NA,NA,0.644575804318378,0.290573851282199,0.0274603246571331,45.2881767405723,245,0.632626842358149,0.285111347806526,0.0274430599613492,46.8392983783025,245,0.675821660478892,0.284358794491172,0.0182525661017184,47.6991915293458,245,NA,NA,NA,NA,NA,NA,NA,NA,NA,NA,NA,NA,NA,NA,NA,0.320606596344443,0.170769459492194,0.0612402507361908,176.006047203316,375,0.324446193923544,0.164672215067841,0.049566769325502,187.291949355976,375,0.3355250041897,0.162957504599876,0.0401944609522089,192.98775071491,375,NA,NA,NA,NA,NA,NA,NA,NA,NA,NA,NA,NA,NA,NA,NA,1.34293108196196,0.433664332929175,0.00249351144495905,15.4365577483017,110,1.43418310987172,0.444673729943516,0.00169161836136216,16.5887232066947,110,1.36109879204026,0.397294928762102,0.000872877214125857,18.7306674855073,110,NA,NA,NA,NA,NA,NA,NA,NA,NA,NA,NA,NA,NA,NA,NA,1.1008203404528,0.202109551167638,3.62515245713322e-07,358.903878761707,103,1.18769340232736,0.201809561980355,6.39000114524798e-08,318.17260849229,103,1.09579744711364,0.191262161915027,1.0886001416565e-07,354.747752273263,103,NA,NA,NA,NA,NA,NA,NA,NA,NA,NA,NA,NA,NA,NA,NA,1.06183275118708,0.204517181306776,1.16333752527623e-06,321.402646811055,98,1.08333250266413,0.204392800639086,8.17152049341696e-07,320.572161594707,98,1.07458082011344,0.19826272629364,4.58687103264918e-07,318.439896740357,98
"m_iq",NA,NA,NA,NA,NA,0.025245085637386,0.00306051586392849,4.00283539722617e-16,NA,1267,0.0341012136724795,0.00278602370403502,1.23573573967479e-32,NA,1267,NA,NA,NA,NA,NA,0.0252938096698622,0.00307436337132729,4.73934058872996e-16,178.005618941635,1267,0.0340450038418679,0.00279432962667051,2.29982150665957e-32,181.3238253395,1267,NA,NA,NA,NA,NA,0.0226077498848654,0.00587294456865584,0.000141401670975383,NA,348,0.0233427518008444,0.00585547376250342,8.19219008547107e-05,NA,348,NA,NA,NA,NA,NA,0.0234780185175054,0.00605802523835149,0.000127670446046969,39.8480765293824,348,0.0243091467676183,0.00605133070138016,7.23777063862531e-05,40.436138765463,348,NA,NA,NA,NA,NA,0.0248788449027813,0.00408076180287138,1.72565249090079e-09,NA,768,0.0352088497368256,0.00372957529592729,4.37965594912738e-20,NA,768,NA,NA,NA,NA,NA,0.023701814355821,0.00411860275502526,1.25962649798768e-08,243.780839797167,768,0.0337354110075485,0.00380033718795563,4.83454154241984e-18,247.924688781948,768,NA,NA,NA,NA,NA,0.0180459405334405,0.00651708363739278,0.00606732555854421,NA,245,0.0181800800535948,0.00652055562982343,0.0057244804650968,NA,245,NA,NA,NA,NA,NA,0.0163667865443464,0.00666841260273175,0.01483327577075,46.8392983783025,245,0.0161149458523195,0.00666678130355758,0.0163837591069073,47.6991915293458,245,NA,NA,NA,NA,NA,0.0225311922197176,0.00600819769377633,0.000205586746449691,NA,375,0.0348749213345484,0.00533176798130376,2.02966870918204e-10,NA,375,NA,NA,NA,NA,NA,0.0204261567434879,0.00601781144993108,0.000763858754556422,187.291949355976,375,0.0315985527024618,0.00547592528367505,1.66982527719437e-08,192.98775071491,375,NA,NA,NA,NA,NA,0.0223379727450938,0.00934546061354235,0.0186722301211285,NA,110,0.0236859087794776,0.00916300103089757,0.0110984836777244,NA,110,NA,NA,NA,NA,NA,0.0163731139437174,0.0104844470581198,0.121466134333671,16.5887232066947,110,0.0164685847618184,0.0100622206731456,0.10466410087519,18.7306674855073,110,NA,NA,NA,NA,NA,0.0264368697762689,0.00862483404148443,0.00285487377428104,NA,103,0.024632848423695,0.00753335611128074,0.00148088839241206,NA,103,NA,NA,NA,NA,NA,0.0307251357198871,0.0084272316715768,0.00044110611397575,318.17260849229,103,0.0274275629730713,0.00733441077829218,0.000308891156975901,354.747752273263,103,NA,NA,NA,NA,NA,0.0204143648559894,0.0085152610731211,0.0185792477775503,NA,98,0.020500525740801,0.00813387736481095,0.0134078197136361,NA,98,NA,NA,NA,NA,NA,0.0237952627196031,0.00831191137647434,0.00522320129156276,320.572161594707,98,0.0239278311054659,0.00795992455967634,0.0033941228772012,318.439896740357,98
"black",NA,NA,NA,NA,NA,-0.183151367569582,0.0582182343534241,0.00169438930855933,NA,1267,NA,NA,NA,NA,NA,NA,NA,NA,NA,NA,-0.191001569501232,0.0588184286697437,0.00119580546330101,178.005618941635,1267,NA,NA,NA,NA,NA,NA,NA,NA,NA,NA,NA,NA,NA,NA,NA,NA,NA,NA,NA,NA,NA,NA,NA,NA,NA,NA,NA,NA,NA,NA,NA,NA,NA,NA,NA,NA,NA,NA,NA,NA,-0.380509257871803,0.0735237528609648,2.9172805261745e-07,NA,768,NA,NA,NA,NA,NA,NA,NA,NA,NA,NA,-0.383430212693659,0.0736696828634227,2.50479741330646e-07,243.780839797167,768,NA,NA,NA,NA,NA,NA,NA,NA,NA,NA,NA,NA,NA,NA,NA,NA,NA,NA,NA,NA,NA,NA,NA,NA,NA,NA,NA,NA,NA,NA,NA,NA,NA,NA,NA,NA,NA,NA,NA,NA,-0.34148069951421,0.103584996955666,0.00107484497673293,NA,375,NA,NA,NA,NA,NA,NA,NA,NA,NA,NA,-0.338617411646049,0.102574392301821,0.00105801044582933,187.291949355976,375,NA,NA,NA,NA,NA,NA,NA,NA,NA,NA,NA,NA,NA,NA,NA,NA,NA,NA,NA,NA,NA,NA,NA,NA,NA,NA,NA,NA,NA,NA,NA,NA,NA,NA,NA,NA,NA,NA,NA,NA,-0.433564155590343,0.721644129332967,0.549450187924244,NA,103,NA,NA,NA,NA,NA,NA,NA,NA,NA,NA,-0.256796350266476,0.704596923250404,0.716352012620572,318.17260849229,103,NA,NA,NA,NA,NA,NA,NA,NA,NA,NA,NA,NA,NA,NA,NA,NA,NA,NA,NA,NA,NA,NA,NA,NA,NA,NA,NA,NA,NA,NA,NA,NA,NA,NA,NA
"sex",NA,NA,NA,NA,NA,-0.188510118681595,0.0523646865317359,0.000330679577562291,NA,1267,NA,NA,NA,NA,NA,NA,NA,NA,NA,NA,-0.184152502434562,0.052677990180128,0.000489088250946702,178.005618941635,1267,NA,NA,NA,NA,NA,NA,NA,NA,NA,NA,-0.184887935079258,0.0903497078706652,0.0414897940101105,NA,348,NA,NA,NA,NA,NA,NA,NA,NA,NA,NA,-0.148912257792362,0.0967734385431486,0.124790073425006,39.8480765293824,348,NA,NA,NA,NA,NA,NA,NA,NA,NA,NA,-0.179082588542675,0.0672426782720268,0.00790397293734419,NA,768,NA,NA,NA,NA,NA,NA,NA,NA,NA,NA,-0.172900387339514,0.0674109203770941,0.0105130474943901,243.780839797167,768,NA,NA,NA,NA,NA,NA,NA,NA,NA,NA,-0.257620551802213,0.10033366006769,0.0108540230437043,NA,245,NA,NA,NA,NA,NA,NA,NA,NA,NA,NA,-0.200645143644262,0.106930138922876,0.0618274404207774,46.8392983783025,245,NA,NA,NA,NA,NA,NA,NA,NA,NA,NA,-0.0894121207772052,0.0934720087042228,0.339421358083348,NA,375,NA,NA,NA,NA,NA,NA,NA,NA,NA,NA,-0.0717822522295135,0.0929067972040472,0.440244847583238,187.291949355976,375,NA,NA,NA,NA,NA,NA,NA,NA,NA,NA,-0.16953862656516,0.142621007663415,0.237304053944223,NA,110,NA,NA,NA,NA,NA,NA,NA,NA,NA,NA,0.0439104821163849,0.175721022069412,0.803176953066808,16.5887232066947,110,NA,NA,NA,NA,NA,NA,NA,NA,NA,NA,-0.0521122911865117,0.183974222427819,0.777614975015235,NA,103,NA,NA,NA,NA,NA,NA,NA,NA,NA,NA,-0.175918963157496,0.17943501434911,0.329457465527684,318.17260849229,103,NA,NA,NA,NA,NA,NA,NA,NA,NA,NA,0.00677617687758773,0.189289088811115,0.971522681947206,NA,98,NA,NA,NA,NA,NA,NA,NA,NA,NA,NA,-0.0994862363201492,0.184515600799443,0.591097305316424,320.572161594707,98,NA,NA,NA,NA,NA
"m_age",NA,NA,NA,NA,NA,-0.00104642115120558,0.00525075542632294,0.84206844062043,NA,1267,0.00793843207863966,0.00488496307888738,0.104396041892474,NA,1267,NA,NA,NA,NA,NA,-0.00221185615498283,0.00533046286346678,0.678252037926209,178.005618941635,1267,0.00643185084691502,0.00502383946452776,0.200686682102509,181.3238253395,1267,NA,NA,NA,NA,NA,0.00159571664163231,0.0089218225203927,0.858157728200071,NA,348,-0.000857370936134149,0.00845862772938688,0.919323325201184,NA,348,NA,NA,NA,NA,NA,-0.00283227660473276,0.00953644974615453,0.766651787248184,39.8480765293824,348,-0.00458955342899132,0.00893593892114843,0.607857081523742,40.436138765463,348,NA,NA,NA,NA,NA,0.00105997010699748,0.00665349174502123,0.873466859890246,NA,768,0.00787942644229109,0.0061624205571025,0.201417325383801,NA,768,NA,NA,NA,NA,NA,-0.000111846321397067,0.0066996271835002,0.986684805809498,243.780839797167,768,0.00617473677137968,0.00625942874804027,0.324214979596402,247.924688781948,768,NA,NA,NA,NA,NA,0.00691290889095534,0.00984995776088743,0.483479318653905,NA,245,0.00545706556219011,0.00939985497246456,0.562087675375238,NA,245,NA,NA,NA,NA,NA,-0.00172021132685849,0.0106408482639168,0.87171046351865,46.8392983783025,245,-0.00207010086223849,0.0099938604249588,0.836077574547806,47.6991915293458,245,NA,NA,NA,NA,NA,-0.00633565036492995,0.00864949387843911,0.464342161967971,NA,375,-0.000183435562739246,0.00811742347546518,0.981983281925857,NA,375,NA,NA,NA,NA,NA,-0.00874403137689234,0.00862957663672574,0.311607563900209,187.291949355976,375,-0.00429401317148667,0.00828144138846368,0.604411339908862,192.98775071491,375,NA,NA,NA,NA,NA,-0.00115421150065646,0.0116597587698752,0.921339679621263,NA,110,0.000917853679160642,0.0110613674600375,0.934025274853366,NA,110,NA,NA,NA,NA,NA,-0.0205685803433613,0.0139140632635719,0.142420064611888,16.5887232066947,110,-0.0202137549979535,0.0130806064243936,0.125248665372376,18.7306674855073,110,NA,NA,NA,NA,NA,0.0222995193695607,0.0306623625110843,0.468913160124049,NA,103,0.0189260253764766,0.0178073479091077,0.290448751312353,NA,103,NA,NA,NA,NA,NA,0.0414125247704867,0.0298255277631721,0.168339793358594,318.17260849229,103,0.0216703085160097,0.0173791175804952,0.215370102494582,354.747752273263,103,NA,NA,NA,NA,NA,0.00411506917652197,0.0304122744208022,0.89266935551462,NA,98,0.0132922470716533,0.0181932396110089,0.466831701469102,NA,98,NA,NA,NA,NA,NA,0.0199465114108537,0.0295810473881123,0.501848706406068,320.572161594707,98,0.0163517516715204,0.0177897682103651,0.360361370752542,318.439896740357,98
"m_edu_2",NA,NA,NA,NA,NA,0.0687195375231822,0.067160799256054,0.306406045262718,NA,1267,NA,NA,NA,NA,NA,NA,NA,NA,NA,NA,0.0613018780487193,0.0677681837489168,0.365860356520955,178.005618941635,1267,NA,NA,NA,NA,NA,NA,NA,NA,NA,NA,NA,NA,NA,NA,NA,NA,NA,NA,NA,NA,NA,NA,NA,NA,NA,NA,NA,NA,NA,NA,NA,NA,NA,NA,NA,NA,NA,NA,NA,NA,0.0095440751466042,0.0872336997869338,0.91290778855116,NA,768,NA,NA,NA,NA,NA,NA,NA,NA,NA,NA,-0.00320853529400243,0.0877034938858738,0.970826430713165,243.780839797167,768,NA,NA,NA,NA,NA,NA,NA,NA,NA,NA,NA,NA,NA,NA,NA,NA,NA,NA,NA,NA,NA,NA,NA,NA,NA,NA,NA,NA,NA,NA,NA,NA,NA,NA,NA,NA,NA,NA,NA,NA,0.120703901302751,0.116684295743013,0.301613274172845,NA,375,NA,NA,NA,NA,NA,NA,NA,NA,NA,NA,0.0851325324925246,0.117453951372369,0.469030422465964,187.291949355976,375,NA,NA,NA,NA,NA,NA,NA,NA,NA,NA,NA,NA,NA,NA,NA,NA,NA,NA,NA,NA,NA,NA,NA,NA,NA,NA,NA,NA,NA,NA,NA,NA,NA,NA,NA,NA,NA,NA,NA,NA,-0.477205996943892,0.218965498156575,0.0318583813934534,NA,103,NA,NA,NA,NA,NA,NA,NA,NA,NA,NA,-0.531818931750993,0.213977944113749,0.0147473404742705,318.17260849229,103,NA,NA,NA,NA,NA,NA,NA,NA,NA,NA,NA,NA,NA,NA,NA,NA,NA,NA,NA,NA,NA,NA,NA,NA,NA,NA,NA,NA,NA,NA,NA,NA,NA,NA,NA
"m_edu_3",NA,NA,NA,NA,NA,0.357822060985774,0.0769435407045006,3.66204289928937e-06,NA,1267,NA,NA,NA,NA,NA,NA,NA,NA,NA,NA,0.332796562088888,0.0795815675785129,3.09239005435671e-05,178.005618941635,1267,NA,NA,NA,NA,NA,NA,NA,NA,NA,NA,NA,NA,NA,NA,NA,NA,NA,NA,NA,NA,NA,NA,NA,NA,NA,NA,NA,NA,NA,NA,NA,NA,NA,NA,NA,NA,NA,NA,NA,NA,0.257595041737029,0.0986588435775985,0.00920733468308418,NA,768,NA,NA,NA,NA,NA,NA,NA,NA,NA,NA,0.228771603117246,0.100561727030488,0.0231885549891839,243.780839797167,768,NA,NA,NA,NA,NA,NA,NA,NA,NA,NA,NA,NA,NA,NA,NA,NA,NA,NA,NA,NA,NA,NA,NA,NA,NA,NA,NA,NA,NA,NA,NA,NA,NA,NA,NA,NA,NA,NA,NA,NA,0.389558380907422,0.131991305582706,0.00336838850087975,NA,375,NA,NA,NA,NA,NA,NA,NA,NA,NA,NA,0.332741167276415,0.135871956592869,0.0147989714594041,187.291949355976,375,NA,NA,NA,NA,NA,NA,NA,NA,NA,NA,NA,NA,NA,NA,NA,NA,NA,NA,NA,NA,NA,NA,NA,NA,NA,NA,NA,NA,NA,NA,NA,NA,NA,NA,NA,NA,NA,NA,NA,NA,0.163848685767758,0.500674685515436,0.744217897152291,NA,103,NA,NA,NA,NA,NA,NA,NA,NA,NA,NA,0.0927066611740772,0.484702088983461,0.848739270665423,318.17260849229,103,NA,NA,NA,NA,NA,NA,NA,NA,NA,NA,NA,NA,NA,NA,NA,NA,NA,NA,NA,NA,NA,NA,NA,NA,NA,NA,NA,NA,NA,NA,NA,NA,NA,NA,NA
"sibling",NA,NA,NA,NA,NA,-0.0462002752974755,0.0250128217386907,0.0649729793386026,NA,1267,NA,NA,NA,NA,NA,NA,NA,NA,NA,NA,-0.0494043664066535,0.0252254881616551,0.0503912676078292,178.005618941635,1267,NA,NA,NA,NA,NA,NA,NA,NA,NA,NA,-0.0474042015763238,0.0386345359848067,0.220675171797041,NA,348,NA,NA,NA,NA,NA,NA,NA,NA,NA,NA,-0.0532127892647032,0.039762664836481,0.181705917693711,39.8480765293824,348,NA,NA,NA,NA,NA,NA,NA,NA,NA,NA,-0.0239162155987475,0.0310354902910458,0.441179397880471,NA,768,NA,NA,NA,NA,NA,NA,NA,NA,NA,NA,-0.0238140312998238,0.0310857434206417,0.443870091767222,243.780839797167,768,NA,NA,NA,NA,NA,NA,NA,NA,NA,NA,-0.0091048513446799,0.0408500483918378,0.823817207517521,NA,245,NA,NA,NA,NA,NA,NA,NA,NA,NA,NA,-0.008924997170588,0.0417267362928652,0.830815513204797,46.8392983783025,245,NA,NA,NA,NA,NA,NA,NA,NA,NA,NA,-0.0150270851353276,0.0518928130923409,0.772302968355511,NA,375,NA,NA,NA,NA,NA,NA,NA,NA,NA,NA,-0.0305177538030579,0.0524218212133608,0.56082102377667,187.291949355976,375,NA,NA,NA,NA,NA,NA,NA,NA,NA,NA,0.0635832208677603,0.0844207992778783,0.453082622274169,NA,110,NA,NA,NA,NA,NA,NA,NA,NA,NA,NA,-0.0939414992835957,0.111635591680915,0.402035703028637,16.5887232066947,110,NA,NA,NA,NA,NA,NA,NA,NA,NA,NA,-0.025169339354246,0.138208200609564,0.85589568503801,NA,103,NA,NA,NA,NA,NA,NA,NA,NA,NA,NA,-0.11235659670873,0.133929834919856,0.40368798636818,318.17260849229,103,NA,NA,NA,NA,NA,NA,NA,NA,NA,NA,0.0547562825618448,0.137727844212507,0.691889501387275,NA,98,NA,NA,NA,NA,NA,NA,NA,NA,NA,NA,-0.0175722896511557,0.133633924694318,0.895676677575967,320.572161594707,98,NA,NA,NA,NA,NA
"gestage",NA,NA,NA,NA,NA,0.0439671937251107,0.0145570364835283,0.00257592382000624,NA,1267,NA,NA,NA,NA,NA,NA,NA,NA,NA,NA,0.0421892495006541,0.0146447971190158,0.00403360883911852,178.005618941635,1267,NA,NA,NA,NA,NA,NA,NA,NA,NA,NA,0.0292196692130036,0.0260933217486882,0.263583418623288,NA,348,NA,NA,NA,NA,NA,NA,NA,NA,NA,NA,0.0248940827278038,0.0270699834267082,0.358423640379076,39.8480765293824,348,NA,NA,NA,NA,NA,NA,NA,NA,NA,NA,0.0605307296159948,0.0178656203516713,0.00074014645288339,NA,768,NA,NA,NA,NA,NA,NA,NA,NA,NA,NA,0.0581778304430156,0.0179368115801396,0.00123255719421849,243.780839797167,768,NA,NA,NA,NA,NA,NA,NA,NA,NA,NA,0.0455572567399131,0.0272517260849707,0.0958992815833749,NA,245,NA,NA,NA,NA,NA,NA,NA,NA,NA,NA,0.0347795655994688,0.0283487790765329,0.22109812304043,46.8392983783025,245,NA,NA,NA,NA,NA,NA,NA,NA,NA,NA,0.0282905504820001,0.0265850449901093,0.287964891355513,NA,375,NA,NA,NA,NA,NA,NA,NA,NA,NA,NA,0.0242838096292152,0.0264836052369285,0.359782523874698,187.291949355976,375,NA,NA,NA,NA,NA,NA,NA,NA,NA,NA,0.00293817978365007,0.0428177108405681,0.945425911489945,NA,110,NA,NA,NA,NA,NA,NA,NA,NA,NA,NA,-0.0455797946124697,0.0517949969629285,0.38092589176552,16.5887232066947,110,NA,NA,NA,NA,NA,NA,NA,NA,NA,NA,0.0208327938332858,0.0364144367417907,0.568647789614254,NA,103,NA,NA,NA,NA,NA,NA,NA,NA,NA,NA,0.0180111475676034,0.0351734627019943,0.609831618881497,318.17260849229,103,NA,NA,NA,NA,NA,NA,NA,NA,NA,NA,0.0162738895988081,0.0372135341442732,0.662933359302447,NA,98,NA,NA,NA,NA,NA,NA,NA,NA,NA,NA,0.0127183770434118,0.0361482351553799,0.725781089059624,320.572161594707,98,NA,NA,NA,NA,NA
"mf",NA,NA,NA,NA,NA,0.0674729535245153,0.0678372372725272,0.32010781175312,NA,1267,NA,NA,NA,NA,NA,NA,NA,NA,NA,NA,0.0812813765912693,0.0690668542905408,0.239478074367844,178.005618941635,1267,NA,NA,NA,NA,NA,NA,NA,NA,NA,NA,-0.0886438080644949,0.198107441116261,0.654832805585186,NA,348,NA,NA,NA,NA,NA,NA,NA,NA,NA,NA,-0.0447536720664591,0.204506788836407,0.826908250041653,39.8480765293824,348,NA,NA,NA,NA,NA,NA,NA,NA,NA,NA,0.00390004052514787,0.090560210925798,0.96566050337256,NA,768,NA,NA,NA,NA,NA,NA,NA,NA,NA,NA,0.0161360981426018,0.0910863054716131,0.859436583647997,243.780839797167,768,NA,NA,NA,NA,NA,NA,NA,NA,NA,NA,0.0482211337747518,0.21745671631732,0.824699074997572,NA,245,NA,NA,NA,NA,NA,NA,NA,NA,NA,NA,0.129954437096873,0.223593076398203,0.561651541546451,46.8392983783025,245,NA,NA,NA,NA,NA,NA,NA,NA,NA,NA,-0.0162883444360986,0.121855403061778,0.893737835891475,NA,375,NA,NA,NA,NA,NA,NA,NA,NA,NA,NA,-0.0215348035687592,0.120600537660614,0.858380125786638,187.291949355976,375,NA,NA,NA,NA,NA,NA,NA,NA,NA,NA,0.0832285771887249,0.27547886334393,0.763173266712288,NA,110,NA,NA,NA,NA,NA,NA,NA,NA,NA,NA,-0.00325150303623886,0.312451642058796,0.99171735460272,16.5887232066947,110,NA,NA,NA,NA,NA,NA,NA,NA,NA,NA,0.119949373353483,0.231753193258227,0.605997982392067,NA,103,NA,NA,NA,NA,NA,NA,NA,NA,NA,NA,0.170850206099642,0.225708994401097,0.451014610524128,318.17260849229,103,NA,NA,NA,NA,NA,NA,NA,NA,NA,NA,-0.00967998481121297,0.241568520766675,0.968124974194408,NA,98,NA,NA,NA,NA,NA,NA,NA,NA,NA,NA,0.0272716143773117,0.236104721243227,0.908301047956247,320.572161594707,98,NA,NA,NA,NA,NA
"Constant",-0.0300104754275505,0.0413007130815063,0.467585027151975,NA,1267,-3.95679532133612,0.642332250875706,9.7744525847985e-10,NA,1267,-3.29585749791641,0.25763682575729,2.53007324757578e-35,NA,1267,-0.0406476085610365,0.0477422346270885,0.39470984219406,180.567871406703,1267,-3.86747662330772,0.644278546077133,2.53442907063277e-09,178.005618941635,1267,-3.26839753119402,0.256944928807746,5.76396402994695e-35,181.3238253395,1267,-0.354575120863233,0.0661848987649554,1.54424702619451e-07,NA,348,-3.31426164568605,1.18305058074606,0.0053785296191885,NA,348,-2.32649445292244,0.525516708741419,1.28454168340118e-05,NA,348,-0.388562527526895,0.0856950474203438,7.97837910208559e-06,39.5893628925149,348,-3.17343174916898,1.21688037967413,0.00951327019044795,39.8480765293824,348,-2.36650109022502,0.543328786363287,1.75378249443851e-05,40.436138765463,348,-0.1534844077224,0.0531683078844073,0.00400178620526169,NA,768,-4.5818067636309,0.811314379852137,2.30512544412275e-08,NA,768,-3.47523498953353,0.334567701282709,9.87296057665639e-24,NA,768,-0.171502227894038,0.0610467524368064,0.00509052757468769,242.955802151012,768,-4.37047657814864,0.814770523031068,1.08213851963037e-07,243.780839797167,768,-3.32482291649861,0.335244912476783,6.85904036123185e-22,247.924688781948,768,-0.590136516120377,0.0731194329169642,3.22292397315456e-14,NA,245,-3.90581555868331,1.25124740623786,0.00202254867079112,NA,245,-2.23603296591967,0.573010979818407,0.000123702077971733,NA,245,-0.645228465207417,0.0934765624083651,4.41810331888266e-11,45.2881767405723,245,-3.25236622076199,1.2968140018884,0.0128124440422695,46.8392983783025,245,-1.9664437865554,0.578821258808299,0.000795937150943439,47.6991915293458,245,-0.242531230635508,0.0765481316119589,0.00165954384747031,NA,375,-3.16729528105408,1.1883446236571,0.00803456497111786,NA,375,-3.34087644784499,0.481221490336788,1.730499803177e-11,NA,375,-0.28980015189142,0.0955421752623812,0.00258898316194587,176.006047203316,375,-2.78665728160882,1.18817004349493,0.0195463152119515,187.291949355976,375,-3.00681453896381,0.482258917743021,1.23114322816148e-09,192.98775071491,375,-0.809954011135481,0.109504797339908,3.17804093379386e-11,NA,110,-2.75876002234486,1.88216493612639,0.145795743349042,NA,110,-2.84254025425108,0.807628763794804,0.000638212774391249,NA,110,-1.08464445971861,0.196494946038174,2.3529604194279e-07,15.4365577483017,110,-0.203498998693425,2.23511552744049,0.927634362263571,16.5887232066947,110,-2.03337765826773,0.86038663983116,0.0199342039801793,18.7306674855073,110,-0.533658780000001,0.129518677572101,7.76012674984306e-05,NA,103,-3.48772445249539,1.89672048663318,0.0691679480311415,NA,103,-2.97367851345937,0.765931099111487,0.000186684040276996,NA,103,-0.599708000427167,0.137033689754427,2.94592191708825e-05,358.903878761707,103,-4.24544904220106,1.87364972660583,0.0258044573491051,318.17260849229,103,-3.32833032453144,0.75618568908698,2.71798060100071e-05,354.747752273263,103,-0.556703479166667,0.12970899915402,4.23054519622423e-05,NA,98,-3.02834797520269,1.59947842474169,0.0615262941144324,NA,98,-2.53147940929447,0.82414959019751,0.00278450694691739,NA,98,-0.623068026115859,0.13760976072732,1.71166194792061e-05,321.402646811055,98,-3.46090797353558,1.57372684826411,0.0304282383268076,320.572161594707,98,-2.94556706229597,0.818509166858566,0.000512632011712614,318.439896740357,98
